
--- UNHANDLED EXCEPTION ---
Traceback (most recent call last):
  File "C:\Users\Reymart De Lara\Desktop\WinMacOS\src\worker.py", line 629, in run
    self.signals.server_fetched.emit(result)
    ^^^^^^^^^^^^^^^^^^^^^^^^^^^
RuntimeError: wrapped C/C++ object of type LparWorkerSignals has been deleted

--- UNHANDLED EXCEPTION ---
Traceback (most recent call last):
  File "C:\Users\Reymart De Lara\Desktop\WinMacOS\src\worker.py", line 509, in run
    self.signals.server_fetched.emit(result)
    ^^^^^^^^^^^^^^^^^^^^^^^^^^^
RuntimeError: wrapped C/C++ object of type LparWorkerSignals has been deleted

--- UNHANDLED EXCEPTION ---
Traceback (most recent call last):
  File "C:\Users\Reymart De Lara\Desktop\WinMacOS\src\worker.py", line 509, in run
    active_subsystems.append({
    ^^^^^^^^^^^^^^^^^^^
RuntimeError: wrapped C/C++ object of type LparWorkerSignals has been deleted

--- UNHANDLED EXCEPTION ---
Traceback (most recent call last):
  File "C:\Users\Reymart De Lara\Desktop\WinMacOS\src\ui\main_window.py", line 1699, in <lambda>
    lambda data, generation=cycle_id, task=runnable:
        ^^^^^^^^^^^^^^^^^^^^^^^^^^^^^^^^^^^^^^^^^^^^
  File "C:\Users\Reymart De Lara\Desktop\WinMacOS\src\ui\main_window.py", line 1732, in on_single_lpar_fetched
    if self.completed_threads_count >= self.pending_lpar_count:
        ^^^^^^^^^^^^^^^^^^^^^^^^^^^^
  File "C:\Users\Reymart De Lara\Desktop\WinMacOS\src\ui\main_window.py", line 1775, in on_all_lpars_finished
  File "C:\Users\Reymart De Lara\Desktop\WinMacOS\src\ui\main_window.py", line 1215, in _next_retry_delay_ms
    candidate_intervals.append(self._server_refresh_interval_ms(server_name, result))
                               ~~~~~~~~~~~~~~~~~~~~~~~~~~~~~~~~^^^^^^^^^^^^^^^^^^^^^
  File "C:\Users\Reymart De Lara\Desktop\WinMacOS\src\ui\main_window.py", line 1196, in _server_refresh_interval_ms
    base = self.refresh_interval_ms
           ^^^^^^^^^^^^^^^^^^^^^^^^
AttributeError: 'IBMiDashboard' object has no attribute 'refresh_interval_ms'. Did you mean: 'min_refresh_interval_ms'?

--- UNHANDLED EXCEPTION ---
Traceback (most recent call last):
  File "C:\Users\Reymart De Lara\Desktop\WinMacOS\src\ui\main_window.py", line 1608, in <lambda>
    self._on_single_server_fetched_independent(data, gen, task, srv)
    ~~~~~~~~~~~~~~~~~~~~~~~~~~~~~~~~~~~~~~~~~~^^^^^^^^^^^^^^^^^^^^^^
  File "C:\Users\Reymart De Lara\Desktop\WinMacOS\src\ui\main_window.py", line 1646, in _on_single_server_fetched_independent
    retry_delay = self._next_retry_delay_ms() if self.server_retry_counts.get(server_name, 0) > 0 else self.min_refresh_interval_ms
                  ~~~~~~~~~~~~~~~~~~~~~~~~~^^
  File "C:\Users\Reymart De Lara\Desktop\WinMacOS\src\ui\main_window.py", line 1215, in _next_retry_delay_ms
    candidate_intervals.append(self._server_refresh_interval_ms(server_name, result))
                               ~~~~~~~~~~~~~~~~~~~~~~~~~~~~~~~~^^^^^^^^^^^^^^^^^^^^^
  File "C:\Users\Reymart De Lara\Desktop\WinMacOS\src\ui\main_window.py", line 1196, in _server_refresh_interval_ms
    base = self.refresh_interval_ms
           ^^^^^^^^^^^^^^^^^^^^^^^^
AttributeError: 'IBMiDashboard' object has no attribute 'refresh_interval_ms'. Did you mean: 'min_refresh_interval_ms'?

--- UNHANDLED EXCEPTION ---
Traceback (most recent call last):
  File "C:\Users\Reymart De Lara\Desktop\WinMacOS\src\ui\main_window.py", line 1608, in <lambda>
    self.refresh_widget.set_active_state(False)
            ~~~~~~~~~~~~~~~~~~~~~~~~~~~~^^^^^^^
  File "C:\Users\Reymart De Lara\Desktop\WinMacOS\src\ui\main_window.py", line 1646, in _on_single_server_fetched_independent
    runnable = SingleLparRunnable(
                  ^^^^^^^^^^^^^^^^
  File "C:\Users\Reymart De Lara\Desktop\WinMacOS\src\ui\main_window.py", line 1215, in _next_retry_delay_ms
    candidate_intervals = []
    
  File "C:\Users\Reymart De Lara\Desktop\WinMacOS\src\ui\main_window.py", line 1196, in _server_refresh_interval_ms
AttributeError: 'IBMiDashboard' object has no attribute 'refresh_interval_ms'. Did you mean: 'min_refresh_interval_ms'?

--- UNHANDLED EXCEPTION ---
Traceback (most recent call last):
  File "C:\Users\Reymart De Lara\Desktop\WinMacOS\src\ui\main_window.py", line 1657, in <lambda>
    self._on_single_server_fetched_independent(data, gen, task, srv)
    ~~~~~~~~~~~~~~~~~~~~~~~~~~~~~~~~~~~~~~~~~~^^^^^^^^^^^^^^^^^^^^^^
  File "C:\Users\Reymart De Lara\Desktop\WinMacOS\src\ui\main_window.py", line 1689, in _on_single_server_fetched_independent
    self._refresh_global_status_summary()
    ~~~~~~~~~~~~~~~~~~~~~~~~~~~~~~~~~~~^^
  File "C:\Users\Reymart De Lara\Desktop\WinMacOS\src\ui\main_window.py", line 1249, in _refresh_global_status_summary
    retry_delay_ms = self._next_retry_delay_ms()
  File "C:\Users\Reymart De Lara\Desktop\WinMacOS\src\ui\main_window.py", line 1217, in _next_retry_delay_ms
    candidate_intervals.append(self._server_refresh_interval_ms(server_name, result))
                               ~~~~~~~~~~~~~~~~~~~~~~~~~~~~~~~~^^^^^^^^^^^^^^^^^^^^^
  File "C:\Users\Reymart De Lara\Desktop\WinMacOS\src\ui\main_window.py", line 1198, in _server_refresh_interval_ms
    base = self.refresh_interval_ms
           ^^^^^^^^^^^^^^^^^^^^^^^^
AttributeError: 'IBMiDashboard' object has no attribute 'refresh_interval_ms'. Did you mean: 'min_refresh_interval_ms'?

--- UNHANDLED EXCEPTION ---
Traceback (most recent call last):
  File "C:\Users\Reymart De Lara\Desktop\WinMacOS\src\ui\main_window.py", line 1657, in <lambda>
    self._on_single_server_fetched_independent(data, gen, task, srv)
    ~~~~~~~~~~~~~~~~~~~~~~~~~~~~~~~~~~~~~~~~~~^^^^^^^^^^^^^^^^^^^^^^
  File "C:\Users\Reymart De Lara\Desktop\WinMacOS\src\ui\main_window.py", line 1689, in _on_single_server_fetched_independent
    self._refresh_global_status_summary()
    ~~~~~~~~~~~~~~~~~~~~~~~~~~~~~~~~~~~^^
  File "C:\Users\Reymart De Lara\Desktop\WinMacOS\src\ui\main_window.py", line 1249, in _refresh_global_status_summary
    retry_delay_ms = self._next_retry_delay_ms()
  File "C:\Users\Reymart De Lara\Desktop\WinMacOS\src\ui\main_window.py", line 1217, in _next_retry_delay_ms
    candidate_intervals.append(self._server_refresh_interval_ms(server_name, result))
                               ~~~~~~~~~~~~~~~~~~~~~~~~~~~~~~~~^^^^^^^^^^^^^^^^^^^^^
  File "C:\Users\Reymart De Lara\Desktop\WinMacOS\src\ui\main_window.py", line 1198, in _server_refresh_interval_ms
    base = self.refresh_interval_ms
           ^^^^^^^^^^^^^^^^^^^^^^^^
AttributeError: 'IBMiDashboard' object has no attribute 'refresh_interval_ms'. Did you mean: 'min_refresh_interval_ms'?

--- UNHANDLED EXCEPTION ---
Traceback (most recent call last):
  File "C:\Users\Reymart De Lara\Desktop\WinMacOS\src\ui\main_window.py", line 1657, in <lambda>
    self._on_single_server_fetched_independent(data, gen, task, srv)
    ~~~~~~~~~~~~~~~~~~~~~~~~~~~~~~~~~~~~~~~~~~^^^^^^^^^^^^^^^^^^^^^^
  File "C:\Users\Reymart De Lara\Desktop\WinMacOS\src\ui\main_window.py", line 1689, in _on_single_server_fetched_independent
    self._refresh_global_status_summary()
    ~~~~~~~~~~~~~~~~~~~~~~~~~~~~~~~~~~~^^
  File "C:\Users\Reymart De Lara\Desktop\WinMacOS\src\ui\main_window.py", line 1249, in _refresh_global_status_summary
    retry_delay_ms = self._next_retry_delay_ms()
  File "C:\Users\Reymart De Lara\Desktop\WinMacOS\src\ui\main_window.py", line 1217, in _next_retry_delay_ms
    candidate_intervals.append(self._server_refresh_interval_ms(server_name, result))
                               ~~~~~~~~~~~~~~~~~~~~~~~~~~~~~~~~^^^^^^^^^^^^^^^^^^^^^
  File "C:\Users\Reymart De Lara\Desktop\WinMacOS\src\ui\main_window.py", line 1198, in _server_refresh_interval_ms
    base = self.refresh_interval_ms
           ^^^^^^^^^^^^^^^^^^^^^^^^
AttributeError: 'IBMiDashboard' object has no attribute 'refresh_interval_ms'. Did you mean: 'min_refresh_interval_ms'?

--- UNHANDLED EXCEPTION ---
Traceback (most recent call last):
  File "C:\Users\Reymart De Lara\Desktop\WinMacOS\src\ui\main_window.py", line 1657, in <lambda>
    self._on_single_server_fetched_independent(data, gen, task, srv)
    ~~~~~~~~~~~~~~~~~~~~~~~~~~~~~~~~~~~~~~~~~~^^^^^^^^^^^^^^^^^^^^^^
  File "C:\Users\Reymart De Lara\Desktop\WinMacOS\src\ui\main_window.py", line 1689, in _on_single_server_fetched_independent
    self._refresh_global_status_summary()
    ~~~~~~~~~~~~~~~~~~~~~~~~~~~~~~~~~~~^^
  File "C:\Users\Reymart De Lara\Desktop\WinMacOS\src\ui\main_window.py", line 1249, in _refresh_global_status_summary
    retry_delay_ms = self._next_retry_delay_ms()
  File "C:\Users\Reymart De Lara\Desktop\WinMacOS\src\ui\main_window.py", line 1217, in _next_retry_delay_ms
    candidate_intervals.append(self._server_refresh_interval_ms(server_name, result))
                               ~~~~~~~~~~~~~~~~~~~~~~~~~~~~~~~~^^^^^^^^^^^^^^^^^^^^^
  File "C:\Users\Reymart De Lara\Desktop\WinMacOS\src\ui\main_window.py", line 1198, in _server_refresh_interval_ms
    base = self.refresh_interval_ms
           ^^^^^^^^^^^^^^^^^^^^^^^^
AttributeError: 'IBMiDashboard' object has no attribute 'refresh_interval_ms'. Did you mean: 'min_refresh_interval_ms'?

--- UNHANDLED EXCEPTION ---
Traceback (most recent call last):
  File "C:\Users\Reymart De Lara\Desktop\WinMacOS\src\ui\main_window.py", line 1657, in <lambda>
    self._on_single_server_fetched_independent(data, gen, task, srv)
    ~~~~~~~~~~~~~~~~~~~~~~~~~~~~~~~~~~~~~~~~~~^^^^^^^^^^^^^^^^^^^^^^
  File "C:\Users\Reymart De Lara\Desktop\WinMacOS\src\ui\main_window.py", line 1689, in _on_single_server_fetched_independent
    self._refresh_global_status_summary()
    ~~~~~~~~~~~~~~~~~~~~~~~~~~~~~~~~~~~^^
  File "C:\Users\Reymart De Lara\Desktop\WinMacOS\src\ui\main_window.py", line 1249, in _refresh_global_status_summary
    retry_delay_ms = self._next_retry_delay_ms()
  File "C:\Users\Reymart De Lara\Desktop\WinMacOS\src\ui\main_window.py", line 1217, in _next_retry_delay_ms
    candidate_intervals.append(self._server_refresh_interval_ms(server_name, result))
                               ~~~~~~~~~~~~~~~~~~~~~~~~~~~~~~~~^^^^^^^^^^^^^^^^^^^^^
  File "C:\Users\Reymart De Lara\Desktop\WinMacOS\src\ui\main_window.py", line 1198, in _server_refresh_interval_ms
    base = self.refresh_interval_ms
           ^^^^^^^^^^^^^^^^^^^^^^^^
AttributeError: 'IBMiDashboard' object has no attribute 'refresh_interval_ms'. Did you mean: 'min_refresh_interval_ms'?

--- UNHANDLED EXCEPTION ---
Traceback (most recent call last):
  File "C:\Users\Reymart De Lara\Desktop\WinMacOS\src\ui\main_window.py", line 1657, in <lambda>
    self._on_single_server_fetched_independent(data, gen, task, srv)
    ~~~~~~~~~~~~~~~~~~~~~~~~~~~~~~~~~~~~~~~~~~^^^^^^^^^^^^^^^^^^^^^^
  File "C:\Users\Reymart De Lara\Desktop\WinMacOS\src\ui\main_window.py", line 1689, in _on_single_server_fetched_independent
    self._refresh_global_status_summary()
    ~~~~~~~~~~~~~~~~~~~~~~~~~~~~~~~~~~~^^
  File "C:\Users\Reymart De Lara\Desktop\WinMacOS\src\ui\main_window.py", line 1249, in _refresh_global_status_summary
    retry_delay_ms = self._next_retry_delay_ms()
  File "C:\Users\Reymart De Lara\Desktop\WinMacOS\src\ui\main_window.py", line 1217, in _next_retry_delay_ms
    candidate_intervals.append(self._server_refresh_interval_ms(server_name, result))
                               ~~~~~~~~~~~~~~~~~~~~~~~~~~~~~~~~^^^^^^^^^^^^^^^^^^^^^
  File "C:\Users\Reymart De Lara\Desktop\WinMacOS\src\ui\main_window.py", line 1198, in _server_refresh_interval_ms
    base = self.refresh_interval_ms
           ^^^^^^^^^^^^^^^^^^^^^^^^
AttributeError: 'IBMiDashboard' object has no attribute 'refresh_interval_ms'. Did you mean: 'min_refresh_interval_ms'?

--- UNHANDLED EXCEPTION ---
Traceback (most recent call last):
  File "C:\Users\Reymart De Lara\Desktop\WinMacOS\src\ui\main_window.py", line 1657, in <lambda>
    self._on_single_server_fetched_independent(data, gen, task, srv)
    ~~~~~~~~~~~~~~~~~~~~~~~~~~~~~~~~~~~~~~~~~~^^^^^^^^^^^^^^^^^^^^^^
  File "C:\Users\Reymart De Lara\Desktop\WinMacOS\src\ui\main_window.py", line 1689, in _on_single_server_fetched_independent
    self._refresh_global_status_summary()
    ~~~~~~~~~~~~~~~~~~~~~~~~~~~~~~~~~~~^^
  File "C:\Users\Reymart De Lara\Desktop\WinMacOS\src\ui\main_window.py", line 1249, in _refresh_global_status_summary
    retry_delay_ms = self._next_retry_delay_ms()
  File "C:\Users\Reymart De Lara\Desktop\WinMacOS\src\ui\main_window.py", line 1217, in _next_retry_delay_ms
    candidate_intervals.append(self._server_refresh_interval_ms(server_name, result))
                               ~~~~~~~~~~~~~~~~~~~~~~~~~~~~~~~~^^^^^^^^^^^^^^^^^^^^^
  File "C:\Users\Reymart De Lara\Desktop\WinMacOS\src\ui\main_window.py", line 1198, in _server_refresh_interval_ms
    base = self.refresh_interval_ms
           ^^^^^^^^^^^^^^^^^^^^^^^^
AttributeError: 'IBMiDashboard' object has no attribute 'refresh_interval_ms'. Did you mean: 'min_refresh_interval_ms'?

--- UNHANDLED EXCEPTION ---
Traceback (most recent call last):
  File "C:\Users\Reymart De Lara\Desktop\WinMacOS\src\ui\main_window.py", line 1657, in <lambda>
    self._on_single_server_fetched_independent(data, gen, task, srv)
    ~~~~~~~~~~~~~~~~~~~~~~~~~~~~~~~~~~~~~~~~~~^^^^^^^^^^^^^^^^^^^^^^
  File "C:\Users\Reymart De Lara\Desktop\WinMacOS\src\ui\main_window.py", line 1689, in _on_single_server_fetched_independent
    self._refresh_global_status_summary()
    ~~~~~~~~~~~~~~~~~~~~~~~~~~~~~~~~~~~^^
  File "C:\Users\Reymart De Lara\Desktop\WinMacOS\src\ui\main_window.py", line 1249, in _refresh_global_status_summary
    retry_delay_ms = self._next_retry_delay_ms()
  File "C:\Users\Reymart De Lara\Desktop\WinMacOS\src\ui\main_window.py", line 1217, in _next_retry_delay_ms
    candidate_intervals.append(self._server_refresh_interval_ms(server_name, result))
                               ~~~~~~~~~~~~~~~~~~~~~~~~~~~~~~~~^^^^^^^^^^^^^^^^^^^^^
  File "C:\Users\Reymart De Lara\Desktop\WinMacOS\src\ui\main_window.py", line 1198, in _server_refresh_interval_ms
    base = self.refresh_interval_ms
           ^^^^^^^^^^^^^^^^^^^^^^^^
AttributeError: 'IBMiDashboard' object has no attribute 'refresh_interval_ms'. Did you mean: 'min_refresh_interval_ms'?

--- UNHANDLED EXCEPTION ---
Traceback (most recent call last):
  File "C:\Users\Reymart De Lara\Desktop\WinMacOS\src\ui\main_window.py", line 1657, in <lambda>
    self._on_single_server_fetched_independent(data, gen, task, srv)
    ~~~~~~~~~~~~~~~~~~~~~~~~~~~~~~~~~~~~~~~~~~^^^^^^^^^^^^^^^^^^^^^^
  File "C:\Users\Reymart De Lara\Desktop\WinMacOS\src\ui\main_window.py", line 1689, in _on_single_server_fetched_independent
    self._refresh_global_status_summary()
    ~~~~~~~~~~~~~~~~~~~~~~~~~~~~~~~~~~~^^
  File "C:\Users\Reymart De Lara\Desktop\WinMacOS\src\ui\main_window.py", line 1249, in _refresh_global_status_summary
    retry_delay_ms = self._next_retry_delay_ms()
  File "C:\Users\Reymart De Lara\Desktop\WinMacOS\src\ui\main_window.py", line 1217, in _next_retry_delay_ms
    candidate_intervals.append(self._server_refresh_interval_ms(server_name, result))
                               ~~~~~~~~~~~~~~~~~~~~~~~~~~~~~~~~^^^^^^^^^^^^^^^^^^^^^
  File "C:\Users\Reymart De Lara\Desktop\WinMacOS\src\ui\main_window.py", line 1198, in _server_refresh_interval_ms
    base = self.refresh_interval_ms
           ^^^^^^^^^^^^^^^^^^^^^^^^
AttributeError: 'IBMiDashboard' object has no attribute 'refresh_interval_ms'. Did you mean: 'min_refresh_interval_ms'?

--- UNHANDLED EXCEPTION ---
Traceback (most recent call last):
  File "C:\Users\Reymart De Lara\Desktop\WinMacOS\src\ui\main_window.py", line 1657, in <lambda>
    self._on_single_server_fetched_independent(data, gen, task, srv)
    ~~~~~~~~~~~~~~~~~~~~~~~~~~~~~~~~~~~~~~~~~~^^^^^^^^^^^^^^^^^^^^^^
  File "C:\Users\Reymart De Lara\Desktop\WinMacOS\src\ui\main_window.py", line 1689, in _on_single_server_fetched_independent
    self._refresh_global_status_summary()
    ~~~~~~~~~~~~~~~~~~~~~~~~~~~~~~~~~~~^^
  File "C:\Users\Reymart De Lara\Desktop\WinMacOS\src\ui\main_window.py", line 1249, in _refresh_global_status_summary
    retry_delay_ms = self._next_retry_delay_ms()
  File "C:\Users\Reymart De Lara\Desktop\WinMacOS\src\ui\main_window.py", line 1217, in _next_retry_delay_ms
    candidate_intervals.append(self._server_refresh_interval_ms(server_name, result))
                               ~~~~~~~~~~~~~~~~~~~~~~~~~~~~~~~~^^^^^^^^^^^^^^^^^^^^^
  File "C:\Users\Reymart De Lara\Desktop\WinMacOS\src\ui\main_window.py", line 1198, in _server_refresh_interval_ms
    base = self.refresh_interval_ms
           ^^^^^^^^^^^^^^^^^^^^^^^^
AttributeError: 'IBMiDashboard' object has no attribute 'refresh_interval_ms'. Did you mean: 'min_refresh_interval_ms'?

--- UNHANDLED EXCEPTION ---
Traceback (most recent call last):
  File "C:\Users\Reymart De Lara\Desktop\WinMacOS\src\ui\main_window.py", line 1657, in <lambda>
    self._on_single_server_fetched_independent(data, gen, task, srv)
    ~~~~~~~~~~~~~~~~~~~~~~~~~~~~~~~~~~~~~~~~~~^^^^^^^^^^^^^^^^^^^^^^
  File "C:\Users\Reymart De Lara\Desktop\WinMacOS\src\ui\main_window.py", line 1689, in _on_single_server_fetched_independent
    self._refresh_global_status_summary()
    ~~~~~~~~~~~~~~~~~~~~~~~~~~~~~~~~~~~^^
  File "C:\Users\Reymart De Lara\Desktop\WinMacOS\src\ui\main_window.py", line 1249, in _refresh_global_status_summary
    retry_delay_ms = self._next_retry_delay_ms()
  File "C:\Users\Reymart De Lara\Desktop\WinMacOS\src\ui\main_window.py", line 1217, in _next_retry_delay_ms
    candidate_intervals.append(self._server_refresh_interval_ms(server_name, result))
                               ~~~~~~~~~~~~~~~~~~~~~~~~~~~~~~~~^^^^^^^^^^^^^^^^^^^^^
  File "C:\Users\Reymart De Lara\Desktop\WinMacOS\src\ui\main_window.py", line 1198, in _server_refresh_interval_ms
    base = self.refresh_interval_ms
           ^^^^^^^^^^^^^^^^^^^^^^^^
AttributeError: 'IBMiDashboard' object has no attribute 'refresh_interval_ms'. Did you mean: 'min_refresh_interval_ms'?

--- UNHANDLED EXCEPTION ---
Traceback (most recent call last):
  File "C:\Users\Reymart De Lara\Desktop\WinMacOS\src\ui\main_window.py", line 1657, in <lambda>
    self._on_single_server_fetched_independent(data, gen, task, srv)
    ~~~~~~~~~~~~~~~~~~~~~~~~~~~~~~~~~~~~~~~~~~^^^^^^^^^^^^^^^^^^^^^^
  File "C:\Users\Reymart De Lara\Desktop\WinMacOS\src\ui\main_window.py", line 1689, in _on_single_server_fetched_independent
    self._refresh_global_status_summary()
    ~~~~~~~~~~~~~~~~~~~~~~~~~~~~~~~~~~~^^
  File "C:\Users\Reymart De Lara\Desktop\WinMacOS\src\ui\main_window.py", line 1249, in _refresh_global_status_summary
    retry_delay_ms = self._next_retry_delay_ms()
  File "C:\Users\Reymart De Lara\Desktop\WinMacOS\src\ui\main_window.py", line 1217, in _next_retry_delay_ms
    candidate_intervals.append(self._server_refresh_interval_ms(server_name, result))
                               ~~~~~~~~~~~~~~~~~~~~~~~~~~~~~~~~^^^^^^^^^^^^^^^^^^^^^
  File "C:\Users\Reymart De Lara\Desktop\WinMacOS\src\ui\main_window.py", line 1198, in _server_refresh_interval_ms
    base = self.refresh_interval_ms
           ^^^^^^^^^^^^^^^^^^^^^^^^
AttributeError: 'IBMiDashboard' object has no attribute 'refresh_interval_ms'. Did you mean: 'min_refresh_interval_ms'?

--- UNHANDLED EXCEPTION ---
Traceback (most recent call last):
  File "C:\Users\Reymart De Lara\Desktop\WinMacOS\src\ui\main_window.py", line 1657, in <lambda>
    self._on_single_server_fetched_independent(data, gen, task, srv)
    ~~~~~~~~~~~~~~~~~~~~~~~~~~~~~~~~~~~~~~~~~~^^^^^^^^^^^^^^^^^^^^^^
  File "C:\Users\Reymart De Lara\Desktop\WinMacOS\src\ui\main_window.py", line 1689, in _on_single_server_fetched_independent
    self._refresh_global_status_summary()
    ~~~~~~~~~~~~~~~~~~~~~~~~~~~~~~~~~~~^^
  File "C:\Users\Reymart De Lara\Desktop\WinMacOS\src\ui\main_window.py", line 1249, in _refresh_global_status_summary
    retry_delay_ms = self._next_retry_delay_ms()
  File "C:\Users\Reymart De Lara\Desktop\WinMacOS\src\ui\main_window.py", line 1217, in _next_retry_delay_ms
    candidate_intervals.append(self._server_refresh_interval_ms(server_name, result))
                               ~~~~~~~~~~~~~~~~~~~~~~~~~~~~~~~~^^^^^^^^^^^^^^^^^^^^^
  File "C:\Users\Reymart De Lara\Desktop\WinMacOS\src\ui\main_window.py", line 1198, in _server_refresh_interval_ms
    base = self.refresh_interval_ms
           ^^^^^^^^^^^^^^^^^^^^^^^^
AttributeError: 'IBMiDashboard' object has no attribute 'refresh_interval_ms'. Did you mean: 'min_refresh_interval_ms'?

--- UNHANDLED EXCEPTION ---
Traceback (most recent call last):
  File "C:\Users\Reymart De Lara\Desktop\WinMacOS\src\ui\main_window.py", line 1657, in <lambda>
    self._on_single_server_fetched_independent(data, gen, task, srv)
    ~~~~~~~~~~~~~~~~~~~~~~~~~~~~~~~~~~~~~~~~~~^^^^^^^^^^^^^^^^^^^^^^
  File "C:\Users\Reymart De Lara\Desktop\WinMacOS\src\ui\main_window.py", line 1689, in _on_single_server_fetched_independent
    self._refresh_global_status_summary()
    ~~~~~~~~~~~~~~~~~~~~~~~~~~~~~~~~~~~^^
  File "C:\Users\Reymart De Lara\Desktop\WinMacOS\src\ui\main_window.py", line 1249, in _refresh_global_status_summary
    retry_delay_ms = self._next_retry_delay_ms()
  File "C:\Users\Reymart De Lara\Desktop\WinMacOS\src\ui\main_window.py", line 1217, in _next_retry_delay_ms
    candidate_intervals.append(self._server_refresh_interval_ms(server_name, result))
                               ~~~~~~~~~~~~~~~~~~~~~~~~~~~~~~~~^^^^^^^^^^^^^^^^^^^^^
  File "C:\Users\Reymart De Lara\Desktop\WinMacOS\src\ui\main_window.py", line 1198, in _server_refresh_interval_ms
    base = self.refresh_interval_ms
           ^^^^^^^^^^^^^^^^^^^^^^^^
AttributeError: 'IBMiDashboard' object has no attribute 'refresh_interval_ms'. Did you mean: 'min_refresh_interval_ms'?

--- UNHANDLED EXCEPTION ---
Traceback (most recent call last):
  File "C:\Users\Reymart De Lara\Desktop\WinMacOS\src\ui\main_window.py", line 1657, in <lambda>
    self._on_single_server_fetched_independent(data, gen, task, srv)
    ~~~~~~~~~~~~~~~~~~~~~~~~~~~~~~~~~~~~~~~~~~^^^^^^^^^^^^^^^^^^^^^^
  File "C:\Users\Reymart De Lara\Desktop\WinMacOS\src\ui\main_window.py", line 1689, in _on_single_server_fetched_independent
    self._refresh_global_status_summary()
    ~~~~~~~~~~~~~~~~~~~~~~~~~~~~~~~~~~~^^
  File "C:\Users\Reymart De Lara\Desktop\WinMacOS\src\ui\main_window.py", line 1249, in _refresh_global_status_summary
    retry_delay_ms = self._next_retry_delay_ms()
  File "C:\Users\Reymart De Lara\Desktop\WinMacOS\src\ui\main_window.py", line 1217, in _next_retry_delay_ms
    candidate_intervals.append(self._server_refresh_interval_ms(server_name, result))
                               ~~~~~~~~~~~~~~~~~~~~~~~~~~~~~~~~^^^^^^^^^^^^^^^^^^^^^
  File "C:\Users\Reymart De Lara\Desktop\WinMacOS\src\ui\main_window.py", line 1198, in _server_refresh_interval_ms
    base = self.refresh_interval_ms
           ^^^^^^^^^^^^^^^^^^^^^^^^
AttributeError: 'IBMiDashboard' object has no attribute 'refresh_interval_ms'. Did you mean: 'min_refresh_interval_ms'?

--- UNHANDLED EXCEPTION ---
Traceback (most recent call last):
  File "C:\Users\Reymart De Lara\Desktop\WinMacOS\src\ui\main_window.py", line 1657, in <lambda>
    self._on_single_server_fetched_independent(data, gen, task, srv)
    ~~~~~~~~~~~~~~~~~~~~~~~~~~~~~~~~~~~~~~~~~~^^^^^^^^^^^^^^^^^^^^^^
  File "C:\Users\Reymart De Lara\Desktop\WinMacOS\src\ui\main_window.py", line 1689, in _on_single_server_fetched_independent
    self._refresh_global_status_summary()
    ~~~~~~~~~~~~~~~~~~~~~~~~~~~~~~~~~~~^^
  File "C:\Users\Reymart De Lara\Desktop\WinMacOS\src\ui\main_window.py", line 1249, in _refresh_global_status_summary
    retry_delay_ms = self._next_retry_delay_ms()
  File "C:\Users\Reymart De Lara\Desktop\WinMacOS\src\ui\main_window.py", line 1217, in _next_retry_delay_ms
    candidate_intervals.append(self._server_refresh_interval_ms(server_name, result))
                               ~~~~~~~~~~~~~~~~~~~~~~~~~~~~~~~~^^^^^^^^^^^^^^^^^^^^^
  File "C:\Users\Reymart De Lara\Desktop\WinMacOS\src\ui\main_window.py", line 1198, in _server_refresh_interval_ms
    base = self.refresh_interval_ms
           ^^^^^^^^^^^^^^^^^^^^^^^^
AttributeError: 'IBMiDashboard' object has no attribute 'refresh_interval_ms'. Did you mean: 'min_refresh_interval_ms'?

--- UNHANDLED EXCEPTION ---
Traceback (most recent call last):
  File "C:\Users\Reymart De Lara\Desktop\WinMacOS\src\ui\main_window.py", line 1657, in <lambda>
    self._on_single_server_fetched_independent(data, gen, task, srv)
    ~~~~~~~~~~~~~~~~~~~~~~~~~~~~~~~~~~~~~~~~~~^^^^^^^^^^^^^^^^^^^^^^
  File "C:\Users\Reymart De Lara\Desktop\WinMacOS\src\ui\main_window.py", line 1689, in _on_single_server_fetched_independent
    self._refresh_global_status_summary()
    ~~~~~~~~~~~~~~~~~~~~~~~~~~~~~~~~~~~^^
  File "C:\Users\Reymart De Lara\Desktop\WinMacOS\src\ui\main_window.py", line 1249, in _refresh_global_status_summary
    retry_delay_ms = self._next_retry_delay_ms()
  File "C:\Users\Reymart De Lara\Desktop\WinMacOS\src\ui\main_window.py", line 1217, in _next_retry_delay_ms
    candidate_intervals.append(self._server_refresh_interval_ms(server_name, result))
                               ~~~~~~~~~~~~~~~~~~~~~~~~~~~~~~~~^^^^^^^^^^^^^^^^^^^^^
  File "C:\Users\Reymart De Lara\Desktop\WinMacOS\src\ui\main_window.py", line 1198, in _server_refresh_interval_ms
    base = self.refresh_interval_ms
           ^^^^^^^^^^^^^^^^^^^^^^^^
AttributeError: 'IBMiDashboard' object has no attribute 'refresh_interval_ms'. Did you mean: 'min_refresh_interval_ms'?

--- UNHANDLED EXCEPTION ---
Traceback (most recent call last):
  File "C:\Users\Reymart De Lara\Desktop\WinMacOS\src\ui\main_window.py", line 1657, in <lambda>
    self._on_single_server_fetched_independent(data, gen, task, srv)
    ~~~~~~~~~~~~~~~~~~~~~~~~~~~~~~~~~~~~~~~~~~^^^^^^^^^^^^^^^^^^^^^^
  File "C:\Users\Reymart De Lara\Desktop\WinMacOS\src\ui\main_window.py", line 1689, in _on_single_server_fetched_independent
    self._refresh_global_status_summary()
    ~~~~~~~~~~~~~~~~~~~~~~~~~~~~~~~~~~~^^
  File "C:\Users\Reymart De Lara\Desktop\WinMacOS\src\ui\main_window.py", line 1249, in _refresh_global_status_summary
    retry_delay_ms = self._next_retry_delay_ms()
  File "C:\Users\Reymart De Lara\Desktop\WinMacOS\src\ui\main_window.py", line 1217, in _next_retry_delay_ms
    candidate_intervals.append(self._server_refresh_interval_ms(server_name, result))
                               ~~~~~~~~~~~~~~~~~~~~~~~~~~~~~~~~^^^^^^^^^^^^^^^^^^^^^
  File "C:\Users\Reymart De Lara\Desktop\WinMacOS\src\ui\main_window.py", line 1198, in _server_refresh_interval_ms
    base = self.refresh_interval_ms
           ^^^^^^^^^^^^^^^^^^^^^^^^
AttributeError: 'IBMiDashboard' object has no attribute 'refresh_interval_ms'. Did you mean: 'min_refresh_interval_ms'?

--- UNHANDLED EXCEPTION ---
Traceback (most recent call last):
  File "C:\Users\Reymart De Lara\Desktop\WinMacOS\src\ui\main_window.py", line 1657, in <lambda>
    self._on_single_server_fetched_independent(data, gen, task, srv)
    ~~~~~~~~~~~~~~~~~~~~~~~~~~~~~~~~~~~~~~~~~~^^^^^^^^^^^^^^^^^^^^^^
  File "C:\Users\Reymart De Lara\Desktop\WinMacOS\src\ui\main_window.py", line 1689, in _on_single_server_fetched_independent
    self._refresh_global_status_summary()
    ~~~~~~~~~~~~~~~~~~~~~~~~~~~~~~~~~~~^^
  File "C:\Users\Reymart De Lara\Desktop\WinMacOS\src\ui\main_window.py", line 1249, in _refresh_global_status_summary
    retry_delay_ms = self._next_retry_delay_ms()
  File "C:\Users\Reymart De Lara\Desktop\WinMacOS\src\ui\main_window.py", line 1217, in _next_retry_delay_ms
    candidate_intervals.append(self._server_refresh_interval_ms(server_name, result))
                               ~~~~~~~~~~~~~~~~~~~~~~~~~~~~~~~~^^^^^^^^^^^^^^^^^^^^^
  File "C:\Users\Reymart De Lara\Desktop\WinMacOS\src\ui\main_window.py", line 1198, in _server_refresh_interval_ms
    base = self.refresh_interval_ms
           ^^^^^^^^^^^^^^^^^^^^^^^^
AttributeError: 'IBMiDashboard' object has no attribute 'refresh_interval_ms'. Did you mean: 'min_refresh_interval_ms'?

--- UNHANDLED EXCEPTION ---
Traceback (most recent call last):
  File "C:\Users\Reymart De Lara\Desktop\WinMacOS\src\ui\main_window.py", line 1657, in <lambda>
    self._on_single_server_fetched_independent(data, gen, task, srv)
    ~~~~~~~~~~~~~~~~~~~~~~~~~~~~~~~~~~~~~~~~~~^^^^^^^^^^^^^^^^^^^^^^
  File "C:\Users\Reymart De Lara\Desktop\WinMacOS\src\ui\main_window.py", line 1689, in _on_single_server_fetched_independent
    self._refresh_global_status_summary()
    ~~~~~~~~~~~~~~~~~~~~~~~~~~~~~~~~~~~^^
  File "C:\Users\Reymart De Lara\Desktop\WinMacOS\src\ui\main_window.py", line 1249, in _refresh_global_status_summary
    retry_delay_ms = self._next_retry_delay_ms()
  File "C:\Users\Reymart De Lara\Desktop\WinMacOS\src\ui\main_window.py", line 1217, in _next_retry_delay_ms
    candidate_intervals.append(self._server_refresh_interval_ms(server_name, result))
                               ~~~~~~~~~~~~~~~~~~~~~~~~~~~~~~~~^^^^^^^^^^^^^^^^^^^^^
  File "C:\Users\Reymart De Lara\Desktop\WinMacOS\src\ui\main_window.py", line 1198, in _server_refresh_interval_ms
    base = self.refresh_interval_ms
           ^^^^^^^^^^^^^^^^^^^^^^^^
AttributeError: 'IBMiDashboard' object has no attribute 'refresh_interval_ms'. Did you mean: 'min_refresh_interval_ms'?

--- UNHANDLED EXCEPTION ---
Traceback (most recent call last):
  File "C:\Users\Reymart De Lara\Desktop\WinMacOS\src\ui\main_window.py", line 1657, in <lambda>
    self._on_single_server_fetched_independent(data, gen, task, srv)
    ~~~~~~~~~~~~~~~~~~~~~~~~~~~~~~~~~~~~~~~~~~^^^^^^^^^^^^^^^^^^^^^^
  File "C:\Users\Reymart De Lara\Desktop\WinMacOS\src\ui\main_window.py", line 1689, in _on_single_server_fetched_independent
    self._refresh_global_status_summary()
    ~~~~~~~~~~~~~~~~~~~~~~~~~~~~~~~~~~~^^
  File "C:\Users\Reymart De Lara\Desktop\WinMacOS\src\ui\main_window.py", line 1249, in _refresh_global_status_summary
    retry_delay_ms = self._next_retry_delay_ms()
  File "C:\Users\Reymart De Lara\Desktop\WinMacOS\src\ui\main_window.py", line 1217, in _next_retry_delay_ms
    candidate_intervals.append(self._server_refresh_interval_ms(server_name, result))
                               ~~~~~~~~~~~~~~~~~~~~~~~~~~~~~~~~^^^^^^^^^^^^^^^^^^^^^
  File "C:\Users\Reymart De Lara\Desktop\WinMacOS\src\ui\main_window.py", line 1198, in _server_refresh_interval_ms
    base = self.refresh_interval_ms
           ^^^^^^^^^^^^^^^^^^^^^^^^
AttributeError: 'IBMiDashboard' object has no attribute 'refresh_interval_ms'. Did you mean: 'min_refresh_interval_ms'?

--- UNHANDLED EXCEPTION ---
Traceback (most recent call last):
  File "C:\Users\Reymart De Lara\Desktop\WinMacOS\src\ui\main_window.py", line 1657, in <lambda>
    self._on_single_server_fetched_independent(data, gen, task, srv)
    ~~~~~~~~~~~~~~~~~~~~~~~~~~~~~~~~~~~~~~~~~~^^^^^^^^^^^^^^^^^^^^^^
  File "C:\Users\Reymart De Lara\Desktop\WinMacOS\src\ui\main_window.py", line 1689, in _on_single_server_fetched_independent
    self._refresh_global_status_summary()
    ~~~~~~~~~~~~~~~~~~~~~~~~~~~~~~~~~~~^^
  File "C:\Users\Reymart De Lara\Desktop\WinMacOS\src\ui\main_window.py", line 1249, in _refresh_global_status_summary
    retry_delay_ms = self._next_retry_delay_ms()
  File "C:\Users\Reymart De Lara\Desktop\WinMacOS\src\ui\main_window.py", line 1217, in _next_retry_delay_ms
    candidate_intervals.append(self._server_refresh_interval_ms(server_name, result))
                               ~~~~~~~~~~~~~~~~~~~~~~~~~~~~~~~~^^^^^^^^^^^^^^^^^^^^^
  File "C:\Users\Reymart De Lara\Desktop\WinMacOS\src\ui\main_window.py", line 1198, in _server_refresh_interval_ms
    base = self.refresh_interval_ms
           ^^^^^^^^^^^^^^^^^^^^^^^^
AttributeError: 'IBMiDashboard' object has no attribute 'refresh_interval_ms'. Did you mean: 'min_refresh_interval_ms'?

--- UNHANDLED EXCEPTION ---
Traceback (most recent call last):
  File "C:\Users\Reymart De Lara\Desktop\WinMacOS\src\ui\main_window.py", line 1657, in <lambda>
    self._on_single_server_fetched_independent(data, gen, task, srv)
    ~~~~~~~~~~~~~~~~~~~~~~~~~~~~~~~~~~~~~~~~~~^^^^^^^^^^^^^^^^^^^^^^
  File "C:\Users\Reymart De Lara\Desktop\WinMacOS\src\ui\main_window.py", line 1689, in _on_single_server_fetched_independent
    self._refresh_global_status_summary()
    ~~~~~~~~~~~~~~~~~~~~~~~~~~~~~~~~~~~^^
  File "C:\Users\Reymart De Lara\Desktop\WinMacOS\src\ui\main_window.py", line 1249, in _refresh_global_status_summary
    retry_delay_ms = self._next_retry_delay_ms()
  File "C:\Users\Reymart De Lara\Desktop\WinMacOS\src\ui\main_window.py", line 1217, in _next_retry_delay_ms
    candidate_intervals.append(self._server_refresh_interval_ms(server_name, result))
                               ~~~~~~~~~~~~~~~~~~~~~~~~~~~~~~~~^^^^^^^^^^^^^^^^^^^^^
  File "C:\Users\Reymart De Lara\Desktop\WinMacOS\src\ui\main_window.py", line 1198, in _server_refresh_interval_ms
    base = self.refresh_interval_ms
           ^^^^^^^^^^^^^^^^^^^^^^^^
AttributeError: 'IBMiDashboard' object has no attribute 'refresh_interval_ms'. Did you mean: 'min_refresh_interval_ms'?

--- UNHANDLED EXCEPTION ---
Traceback (most recent call last):
  File "C:\Users\Reymart De Lara\Desktop\WinMacOS\src\ui\main_window.py", line 1657, in <lambda>
    self._on_single_server_fetched_independent(data, gen, task, srv)
    ~~~~~~~~~~~~~~~~~~~~~~~~~~~~~~~~~~~~~~~~~~^^^^^^^^^^^^^^^^^^^^^^
  File "C:\Users\Reymart De Lara\Desktop\WinMacOS\src\ui\main_window.py", line 1689, in _on_single_server_fetched_independent
    self._refresh_global_status_summary()
    ~~~~~~~~~~~~~~~~~~~~~~~~~~~~~~~~~~~^^
  File "C:\Users\Reymart De Lara\Desktop\WinMacOS\src\ui\main_window.py", line 1249, in _refresh_global_status_summary
    retry_delay_ms = self._next_retry_delay_ms()
  File "C:\Users\Reymart De Lara\Desktop\WinMacOS\src\ui\main_window.py", line 1217, in _next_retry_delay_ms
    candidate_intervals.append(self._server_refresh_interval_ms(server_name, result))
                               ~~~~~~~~~~~~~~~~~~~~~~~~~~~~~~~~^^^^^^^^^^^^^^^^^^^^^
  File "C:\Users\Reymart De Lara\Desktop\WinMacOS\src\ui\main_window.py", line 1198, in _server_refresh_interval_ms
    base = self.refresh_interval_ms
           ^^^^^^^^^^^^^^^^^^^^^^^^
AttributeError: 'IBMiDashboard' object has no attribute 'refresh_interval_ms'. Did you mean: 'min_refresh_interval_ms'?

--- UNHANDLED EXCEPTION ---
Traceback (most recent call last):
  File "C:\Users\Reymart De Lara\Desktop\WinMacOS\src\ui\main_window.py", line 1657, in <lambda>
    self._on_single_server_fetched_independent(data, gen, task, srv)
    ~~~~~~~~~~~~~~~~~~~~~~~~~~~~~~~~~~~~~~~~~~^^^^^^^^^^^^^^^^^^^^^^
  File "C:\Users\Reymart De Lara\Desktop\WinMacOS\src\ui\main_window.py", line 1689, in _on_single_server_fetched_independent
    self._refresh_global_status_summary()
    ~~~~~~~~~~~~~~~~~~~~~~~~~~~~~~~~~~~^^
  File "C:\Users\Reymart De Lara\Desktop\WinMacOS\src\ui\main_window.py", line 1249, in _refresh_global_status_summary
    retry_delay_ms = self._next_retry_delay_ms()
  File "C:\Users\Reymart De Lara\Desktop\WinMacOS\src\ui\main_window.py", line 1217, in _next_retry_delay_ms
    candidate_intervals.append(self._server_refresh_interval_ms(server_name, result))
                               ~~~~~~~~~~~~~~~~~~~~~~~~~~~~~~~~^^^^^^^^^^^^^^^^^^^^^
  File "C:\Users\Reymart De Lara\Desktop\WinMacOS\src\ui\main_window.py", line 1198, in _server_refresh_interval_ms
    base = self.refresh_interval_ms
           ^^^^^^^^^^^^^^^^^^^^^^^^
AttributeError: 'IBMiDashboard' object has no attribute 'refresh_interval_ms'. Did you mean: 'min_refresh_interval_ms'?

--- UNHANDLED EXCEPTION ---
Traceback (most recent call last):
  File "C:\Users\Reymart De Lara\Desktop\WinMacOS\src\ui\main_window.py", line 1657, in <lambda>
    self._on_single_server_fetched_independent(data, gen, task, srv)
    ~~~~~~~~~~~~~~~~~~~~~~~~~~~~~~~~~~~~~~~~~~^^^^^^^^^^^^^^^^^^^^^^
  File "C:\Users\Reymart De Lara\Desktop\WinMacOS\src\ui\main_window.py", line 1689, in _on_single_server_fetched_independent
    self._refresh_global_status_summary()
    ~~~~~~~~~~~~~~~~~~~~~~~~~~~~~~~~~~~^^
  File "C:\Users\Reymart De Lara\Desktop\WinMacOS\src\ui\main_window.py", line 1249, in _refresh_global_status_summary
    retry_delay_ms = self._next_retry_delay_ms()
  File "C:\Users\Reymart De Lara\Desktop\WinMacOS\src\ui\main_window.py", line 1217, in _next_retry_delay_ms
    candidate_intervals.append(self._server_refresh_interval_ms(server_name, result))
                               ~~~~~~~~~~~~~~~~~~~~~~~~~~~~~~~~^^^^^^^^^^^^^^^^^^^^^
  File "C:\Users\Reymart De Lara\Desktop\WinMacOS\src\ui\main_window.py", line 1198, in _server_refresh_interval_ms
    base = self.refresh_interval_ms
           ^^^^^^^^^^^^^^^^^^^^^^^^
AttributeError: 'IBMiDashboard' object has no attribute 'refresh_interval_ms'. Did you mean: 'min_refresh_interval_ms'?

--- UNHANDLED EXCEPTION ---
Traceback (most recent call last):
  File "C:\Users\Reymart De Lara\Desktop\WinMacOS\src\ui\main_window.py", line 1657, in <lambda>
    self._on_single_server_fetched_independent(data, gen, task, srv)
    ~~~~~~~~~~~~~~~~~~~~~~~~~~~~~~~~~~~~~~~~~~^^^^^^^^^^^^^^^^^^^^^^
  File "C:\Users\Reymart De Lara\Desktop\WinMacOS\src\ui\main_window.py", line 1689, in _on_single_server_fetched_independent
    self._refresh_global_status_summary()
    ~~~~~~~~~~~~~~~~~~~~~~~~~~~~~~~~~~~^^
  File "C:\Users\Reymart De Lara\Desktop\WinMacOS\src\ui\main_window.py", line 1249, in _refresh_global_status_summary
    retry_delay_ms = self._next_retry_delay_ms()
  File "C:\Users\Reymart De Lara\Desktop\WinMacOS\src\ui\main_window.py", line 1217, in _next_retry_delay_ms
    candidate_intervals.append(self._server_refresh_interval_ms(server_name, result))
                               ~~~~~~~~~~~~~~~~~~~~~~~~~~~~~~~~^^^^^^^^^^^^^^^^^^^^^
  File "C:\Users\Reymart De Lara\Desktop\WinMacOS\src\ui\main_window.py", line 1198, in _server_refresh_interval_ms
    base = self.refresh_interval_ms
           ^^^^^^^^^^^^^^^^^^^^^^^^
AttributeError: 'IBMiDashboard' object has no attribute 'refresh_interval_ms'. Did you mean: 'min_refresh_interval_ms'?

--- UNHANDLED EXCEPTION ---
Traceback (most recent call last):
  File "C:\Users\Reymart De Lara\Desktop\WinMacOS\src\ui\main_window.py", line 1657, in <lambda>
    self._on_single_server_fetched_independent(data, gen, task, srv)
    ~~~~~~~~~~~~~~~~~~~~~~~~~~~~~~~~~~~~~~~~~~^^^^^^^^^^^^^^^^^^^^^^
  File "C:\Users\Reymart De Lara\Desktop\WinMacOS\src\ui\main_window.py", line 1689, in _on_single_server_fetched_independent
    self._refresh_global_status_summary()
    ~~~~~~~~~~~~~~~~~~~~~~~~~~~~~~~~~~~^^
  File "C:\Users\Reymart De Lara\Desktop\WinMacOS\src\ui\main_window.py", line 1249, in _refresh_global_status_summary
    retry_delay_ms = self._next_retry_delay_ms()
  File "C:\Users\Reymart De Lara\Desktop\WinMacOS\src\ui\main_window.py", line 1217, in _next_retry_delay_ms
    candidate_intervals.append(self._server_refresh_interval_ms(server_name, result))
                               ~~~~~~~~~~~~~~~~~~~~~~~~~~~~~~~~^^^^^^^^^^^^^^^^^^^^^
  File "C:\Users\Reymart De Lara\Desktop\WinMacOS\src\ui\main_window.py", line 1198, in _server_refresh_interval_ms
    base = self.refresh_interval_ms
           ^^^^^^^^^^^^^^^^^^^^^^^^
AttributeError: 'IBMiDashboard' object has no attribute 'refresh_interval_ms'. Did you mean: 'min_refresh_interval_ms'?

--- UNHANDLED EXCEPTION ---
Traceback (most recent call last):
  File "C:\Users\Reymart De Lara\Desktop\WinMacOS\src\ui\main_window.py", line 1657, in <lambda>
    self._on_single_server_fetched_independent(data, gen, task, srv)
    ~~~~~~~~~~~~~~~~~~~~~~~~~~~~~~~~~~~~~~~~~~^^^^^^^^^^^^^^^^^^^^^^
  File "C:\Users\Reymart De Lara\Desktop\WinMacOS\src\ui\main_window.py", line 1689, in _on_single_server_fetched_independent
    self._refresh_global_status_summary()
    ~~~~~~~~~~~~~~~~~~~~~~~~~~~~~~~~~~~^^
  File "C:\Users\Reymart De Lara\Desktop\WinMacOS\src\ui\main_window.py", line 1249, in _refresh_global_status_summary
    retry_delay_ms = self._next_retry_delay_ms()
  File "C:\Users\Reymart De Lara\Desktop\WinMacOS\src\ui\main_window.py", line 1217, in _next_retry_delay_ms
    candidate_intervals.append(self._server_refresh_interval_ms(server_name, result))
                               ~~~~~~~~~~~~~~~~~~~~~~~~~~~~~~~~^^^^^^^^^^^^^^^^^^^^^
  File "C:\Users\Reymart De Lara\Desktop\WinMacOS\src\ui\main_window.py", line 1198, in _server_refresh_interval_ms
    base = self.refresh_interval_ms
           ^^^^^^^^^^^^^^^^^^^^^^^^
AttributeError: 'IBMiDashboard' object has no attribute 'refresh_interval_ms'. Did you mean: 'min_refresh_interval_ms'?

--- UNHANDLED EXCEPTION ---
Traceback (most recent call last):
  File "C:\Users\Reymart De Lara\Desktop\WinMacOS\src\ui\main_window.py", line 1657, in <lambda>
    self._on_single_server_fetched_independent(data, gen, task, srv)
    ~~~~~~~~~~~~~~~~~~~~~~~~~~~~~~~~~~~~~~~~~~^^^^^^^^^^^^^^^^^^^^^^
  File "C:\Users\Reymart De Lara\Desktop\WinMacOS\src\ui\main_window.py", line 1689, in _on_single_server_fetched_independent
    self._refresh_global_status_summary()
    ~~~~~~~~~~~~~~~~~~~~~~~~~~~~~~~~~~~^^
  File "C:\Users\Reymart De Lara\Desktop\WinMacOS\src\ui\main_window.py", line 1249, in _refresh_global_status_summary
    retry_delay_ms = self._next_retry_delay_ms()
  File "C:\Users\Reymart De Lara\Desktop\WinMacOS\src\ui\main_window.py", line 1217, in _next_retry_delay_ms
    candidate_intervals.append(self._server_refresh_interval_ms(server_name, result))
                               ~~~~~~~~~~~~~~~~~~~~~~~~~~~~~~~~^^^^^^^^^^^^^^^^^^^^^
  File "C:\Users\Reymart De Lara\Desktop\WinMacOS\src\ui\main_window.py", line 1198, in _server_refresh_interval_ms
    base = self.refresh_interval_ms
           ^^^^^^^^^^^^^^^^^^^^^^^^
AttributeError: 'IBMiDashboard' object has no attribute 'refresh_interval_ms'. Did you mean: 'min_refresh_interval_ms'?

--- UNHANDLED EXCEPTION ---
Traceback (most recent call last):
  File "C:\Users\Reymart De Lara\Desktop\WinMacOS\src\ui\main_window.py", line 1657, in <lambda>
    self._on_single_server_fetched_independent(data, gen, task, srv)
    ~~~~~~~~~~~~~~~~~~~~~~~~~~~~~~~~~~~~~~~~~~^^^^^^^^^^^^^^^^^^^^^^
  File "C:\Users\Reymart De Lara\Desktop\WinMacOS\src\ui\main_window.py", line 1689, in _on_single_server_fetched_independent
    self._refresh_global_status_summary()
    ~~~~~~~~~~~~~~~~~~~~~~~~~~~~~~~~~~~^^
  File "C:\Users\Reymart De Lara\Desktop\WinMacOS\src\ui\main_window.py", line 1249, in _refresh_global_status_summary
    retry_delay_ms = self._next_retry_delay_ms()
  File "C:\Users\Reymart De Lara\Desktop\WinMacOS\src\ui\main_window.py", line 1217, in _next_retry_delay_ms
    candidate_intervals.append(self._server_refresh_interval_ms(server_name, result))
                               ~~~~~~~~~~~~~~~~~~~~~~~~~~~~~~~~^^^^^^^^^^^^^^^^^^^^^
  File "C:\Users\Reymart De Lara\Desktop\WinMacOS\src\ui\main_window.py", line 1198, in _server_refresh_interval_ms
    base = self.refresh_interval_ms
           ^^^^^^^^^^^^^^^^^^^^^^^^
AttributeError: 'IBMiDashboard' object has no attribute 'refresh_interval_ms'. Did you mean: 'min_refresh_interval_ms'?

--- UNHANDLED EXCEPTION ---
Traceback (most recent call last):
  File "C:\Users\Reymart De Lara\Desktop\WinMacOS\src\ui\main_window.py", line 1657, in <lambda>
    self._on_single_server_fetched_independent(data, gen, task, srv)
    ~~~~~~~~~~~~~~~~~~~~~~~~~~~~~~~~~~~~~~~~~~^^^^^^^^^^^^^^^^^^^^^^
  File "C:\Users\Reymart De Lara\Desktop\WinMacOS\src\ui\main_window.py", line 1689, in _on_single_server_fetched_independent
    self._refresh_global_status_summary()
    ~~~~~~~~~~~~~~~~~~~~~~~~~~~~~~~~~~~^^
  File "C:\Users\Reymart De Lara\Desktop\WinMacOS\src\ui\main_window.py", line 1249, in _refresh_global_status_summary
    retry_delay_ms = self._next_retry_delay_ms()
  File "C:\Users\Reymart De Lara\Desktop\WinMacOS\src\ui\main_window.py", line 1217, in _next_retry_delay_ms
    candidate_intervals.append(self._server_refresh_interval_ms(server_name, result))
                               ~~~~~~~~~~~~~~~~~~~~~~~~~~~~~~~~^^^^^^^^^^^^^^^^^^^^^
  File "C:\Users\Reymart De Lara\Desktop\WinMacOS\src\ui\main_window.py", line 1198, in _server_refresh_interval_ms
    base = self.refresh_interval_ms
           ^^^^^^^^^^^^^^^^^^^^^^^^
AttributeError: 'IBMiDashboard' object has no attribute 'refresh_interval_ms'. Did you mean: 'min_refresh_interval_ms'?

--- UNHANDLED EXCEPTION ---
Traceback (most recent call last):
  File "C:\Users\Reymart De Lara\Desktop\WinMacOS\src\ui\main_window.py", line 1657, in <lambda>
    self._on_single_server_fetched_independent(data, gen, task, srv)
    ~~~~~~~~~~~~~~~~~~~~~~~~~~~~~~~~~~~~~~~~~~^^^^^^^^^^^^^^^^^^^^^^
  File "C:\Users\Reymart De Lara\Desktop\WinMacOS\src\ui\main_window.py", line 1689, in _on_single_server_fetched_independent
    self._refresh_global_status_summary()
    ~~~~~~~~~~~~~~~~~~~~~~~~~~~~~~~~~~~^^
  File "C:\Users\Reymart De Lara\Desktop\WinMacOS\src\ui\main_window.py", line 1249, in _refresh_global_status_summary
    retry_delay_ms = self._next_retry_delay_ms()
  File "C:\Users\Reymart De Lara\Desktop\WinMacOS\src\ui\main_window.py", line 1217, in _next_retry_delay_ms
    candidate_intervals.append(self._server_refresh_interval_ms(server_name, result))
                               ~~~~~~~~~~~~~~~~~~~~~~~~~~~~~~~~^^^^^^^^^^^^^^^^^^^^^
  File "C:\Users\Reymart De Lara\Desktop\WinMacOS\src\ui\main_window.py", line 1198, in _server_refresh_interval_ms
    base = self.refresh_interval_ms
           ^^^^^^^^^^^^^^^^^^^^^^^^
AttributeError: 'IBMiDashboard' object has no attribute 'refresh_interval_ms'. Did you mean: 'min_refresh_interval_ms'?

--- UNHANDLED EXCEPTION ---
Traceback (most recent call last):
  File "C:\Users\Reymart De Lara\Desktop\WinMacOS\src\ui\main_window.py", line 1657, in <lambda>
    self._on_single_server_fetched_independent(data, gen, task, srv)
    ~~~~~~~~~~~~~~~~~~~~~~~~~~~~~~~~~~~~~~~~~~^^^^^^^^^^^^^^^^^^^^^^
  File "C:\Users\Reymart De Lara\Desktop\WinMacOS\src\ui\main_window.py", line 1689, in _on_single_server_fetched_independent
    self._refresh_global_status_summary()
    ~~~~~~~~~~~~~~~~~~~~~~~~~~~~~~~~~~~^^
  File "C:\Users\Reymart De Lara\Desktop\WinMacOS\src\ui\main_window.py", line 1249, in _refresh_global_status_summary
    retry_delay_ms = self._next_retry_delay_ms()
  File "C:\Users\Reymart De Lara\Desktop\WinMacOS\src\ui\main_window.py", line 1217, in _next_retry_delay_ms
    candidate_intervals.append(self._server_refresh_interval_ms(server_name, result))
                               ~~~~~~~~~~~~~~~~~~~~~~~~~~~~~~~~^^^^^^^^^^^^^^^^^^^^^
  File "C:\Users\Reymart De Lara\Desktop\WinMacOS\src\ui\main_window.py", line 1198, in _server_refresh_interval_ms
    base = self.refresh_interval_ms
           ^^^^^^^^^^^^^^^^^^^^^^^^
AttributeError: 'IBMiDashboard' object has no attribute 'refresh_interval_ms'. Did you mean: 'min_refresh_interval_ms'?

--- UNHANDLED EXCEPTION ---
Traceback (most recent call last):
  File "C:\Users\Reymart De Lara\Desktop\WinMacOS\src\ui\main_window.py", line 1657, in <lambda>
    self._on_single_server_fetched_independent(data, gen, task, srv)
    ~~~~~~~~~~~~~~~~~~~~~~~~~~~~~~~~~~~~~~~~~~^^^^^^^^^^^^^^^^^^^^^^
  File "C:\Users\Reymart De Lara\Desktop\WinMacOS\src\ui\main_window.py", line 1689, in _on_single_server_fetched_independent
    self._refresh_global_status_summary()
    ~~~~~~~~~~~~~~~~~~~~~~~~~~~~~~~~~~~^^
  File "C:\Users\Reymart De Lara\Desktop\WinMacOS\src\ui\main_window.py", line 1249, in _refresh_global_status_summary
    retry_delay_ms = self._next_retry_delay_ms()
  File "C:\Users\Reymart De Lara\Desktop\WinMacOS\src\ui\main_window.py", line 1217, in _next_retry_delay_ms
    candidate_intervals.append(self._server_refresh_interval_ms(server_name, result))
                               ~~~~~~~~~~~~~~~~~~~~~~~~~~~~~~~~^^^^^^^^^^^^^^^^^^^^^
  File "C:\Users\Reymart De Lara\Desktop\WinMacOS\src\ui\main_window.py", line 1198, in _server_refresh_interval_ms
    base = self.refresh_interval_ms
           ^^^^^^^^^^^^^^^^^^^^^^^^
AttributeError: 'IBMiDashboard' object has no attribute 'refresh_interval_ms'. Did you mean: 'min_refresh_interval_ms'?

--- UNHANDLED EXCEPTION ---
Traceback (most recent call last):
  File "C:\Users\Reymart De Lara\Desktop\WinMacOS\src\ui\main_window.py", line 1657, in <lambda>
    self._on_single_server_fetched_independent(data, gen, task, srv)
    ~~~~~~~~~~~~~~~~~~~~~~~~~~~~~~~~~~~~~~~~~~^^^^^^^^^^^^^^^^^^^^^^
  File "C:\Users\Reymart De Lara\Desktop\WinMacOS\src\ui\main_window.py", line 1689, in _on_single_server_fetched_independent
    self._refresh_global_status_summary()
    ~~~~~~~~~~~~~~~~~~~~~~~~~~~~~~~~~~~^^
  File "C:\Users\Reymart De Lara\Desktop\WinMacOS\src\ui\main_window.py", line 1249, in _refresh_global_status_summary
    retry_delay_ms = self._next_retry_delay_ms()
  File "C:\Users\Reymart De Lara\Desktop\WinMacOS\src\ui\main_window.py", line 1217, in _next_retry_delay_ms
    candidate_intervals.append(self._server_refresh_interval_ms(server_name, result))
                               ~~~~~~~~~~~~~~~~~~~~~~~~~~~~~~~~^^^^^^^^^^^^^^^^^^^^^
  File "C:\Users\Reymart De Lara\Desktop\WinMacOS\src\ui\main_window.py", line 1198, in _server_refresh_interval_ms
    base = self.refresh_interval_ms
           ^^^^^^^^^^^^^^^^^^^^^^^^
AttributeError: 'IBMiDashboard' object has no attribute 'refresh_interval_ms'. Did you mean: 'min_refresh_interval_ms'?

--- UNHANDLED EXCEPTION ---
Traceback (most recent call last):
  File "C:\Users\Reymart De Lara\Desktop\WinMacOS\src\ui\main_window.py", line 1657, in <lambda>
    self._on_single_server_fetched_independent(data, gen, task, srv)
    ~~~~~~~~~~~~~~~~~~~~~~~~~~~~~~~~~~~~~~~~~~^^^^^^^^^^^^^^^^^^^^^^
  File "C:\Users\Reymart De Lara\Desktop\WinMacOS\src\ui\main_window.py", line 1689, in _on_single_server_fetched_independent
    self._refresh_global_status_summary()
    ~~~~~~~~~~~~~~~~~~~~~~~~~~~~~~~~~~~^^
  File "C:\Users\Reymart De Lara\Desktop\WinMacOS\src\ui\main_window.py", line 1249, in _refresh_global_status_summary
    retry_delay_ms = self._next_retry_delay_ms()
  File "C:\Users\Reymart De Lara\Desktop\WinMacOS\src\ui\main_window.py", line 1217, in _next_retry_delay_ms
    candidate_intervals.append(self._server_refresh_interval_ms(server_name, result))
                               ~~~~~~~~~~~~~~~~~~~~~~~~~~~~~~~~^^^^^^^^^^^^^^^^^^^^^
  File "C:\Users\Reymart De Lara\Desktop\WinMacOS\src\ui\main_window.py", line 1198, in _server_refresh_interval_ms
    base = self.refresh_interval_ms
           ^^^^^^^^^^^^^^^^^^^^^^^^
AttributeError: 'IBMiDashboard' object has no attribute 'refresh_interval_ms'. Did you mean: 'min_refresh_interval_ms'?

--- UNHANDLED EXCEPTION ---
Traceback (most recent call last):
  File "C:\Users\Reymart De Lara\Desktop\WinMacOS\src\ui\main_window.py", line 1657, in <lambda>
    self._on_single_server_fetched_independent(data, gen, task, srv)
    ~~~~~~~~~~~~~~~~~~~~~~~~~~~~~~~~~~~~~~~~~~^^^^^^^^^^^^^^^^^^^^^^
  File "C:\Users\Reymart De Lara\Desktop\WinMacOS\src\ui\main_window.py", line 1689, in _on_single_server_fetched_independent
    self._refresh_global_status_summary()
    ~~~~~~~~~~~~~~~~~~~~~~~~~~~~~~~~~~~^^
  File "C:\Users\Reymart De Lara\Desktop\WinMacOS\src\ui\main_window.py", line 1249, in _refresh_global_status_summary
    retry_delay_ms = self._next_retry_delay_ms()
  File "C:\Users\Reymart De Lara\Desktop\WinMacOS\src\ui\main_window.py", line 1217, in _next_retry_delay_ms
    candidate_intervals.append(self._server_refresh_interval_ms(server_name, result))
                               ~~~~~~~~~~~~~~~~~~~~~~~~~~~~~~~~^^^^^^^^^^^^^^^^^^^^^
  File "C:\Users\Reymart De Lara\Desktop\WinMacOS\src\ui\main_window.py", line 1198, in _server_refresh_interval_ms
    base = self.refresh_interval_ms
           ^^^^^^^^^^^^^^^^^^^^^^^^
AttributeError: 'IBMiDashboard' object has no attribute 'refresh_interval_ms'. Did you mean: 'min_refresh_interval_ms'?

--- UNHANDLED EXCEPTION ---
Traceback (most recent call last):
  File "C:\Users\Reymart De Lara\Desktop\WinMacOS\src\ui\main_window.py", line 1657, in <lambda>
    self._on_single_server_fetched_independent(data, gen, task, srv)
    ~~~~~~~~~~~~~~~~~~~~~~~~~~~~~~~~~~~~~~~~~~^^^^^^^^^^^^^^^^^^^^^^
  File "C:\Users\Reymart De Lara\Desktop\WinMacOS\src\ui\main_window.py", line 1689, in _on_single_server_fetched_independent
    self._refresh_global_status_summary()
    ~~~~~~~~~~~~~~~~~~~~~~~~~~~~~~~~~~~^^
  File "C:\Users\Reymart De Lara\Desktop\WinMacOS\src\ui\main_window.py", line 1249, in _refresh_global_status_summary
    retry_delay_ms = self._next_retry_delay_ms()
  File "C:\Users\Reymart De Lara\Desktop\WinMacOS\src\ui\main_window.py", line 1217, in _next_retry_delay_ms
    candidate_intervals.append(self._server_refresh_interval_ms(server_name, result))
                               ~~~~~~~~~~~~~~~~~~~~~~~~~~~~~~~~^^^^^^^^^^^^^^^^^^^^^
  File "C:\Users\Reymart De Lara\Desktop\WinMacOS\src\ui\main_window.py", line 1198, in _server_refresh_interval_ms
    base = self.refresh_interval_ms
           ^^^^^^^^^^^^^^^^^^^^^^^^
AttributeError: 'IBMiDashboard' object has no attribute 'refresh_interval_ms'. Did you mean: 'min_refresh_interval_ms'?

--- UNHANDLED EXCEPTION ---
Traceback (most recent call last):
  File "C:\Users\Reymart De Lara\Desktop\WinMacOS\src\ui\main_window.py", line 1675, in <lambda>
    self._on_single_server_fetched_independent(data, gen, task, srv)
    ~~~~~~~~~~~~~~~~~~~~~~~~~~~~~~~~~~~~~~~~~~^^^^^^^^^^^^^^^^^^^^^^
  File "C:\Users\Reymart De Lara\Desktop\WinMacOS\src\ui\main_window.py", line 1707, in _on_single_server_fetched_independent
    self._refresh_global_status_summary()
    ~~~~~~~~~~~~~~~~~~~~~~~~~~~~~~~~~~~^^
  File "C:\Users\Reymart De Lara\Desktop\WinMacOS\src\ui\main_window.py", line 1249, in _refresh_global_status_summary
    retry_delay_ms = self._next_retry_delay_ms()
  File "C:\Users\Reymart De Lara\Desktop\WinMacOS\src\ui\main_window.py", line 1217, in _next_retry_delay_ms
    candidate_intervals.append(self._server_refresh_interval_ms(server_name, result))
                               ~~~~~~~~~~~~~~~~~~~~~~~~~~~~~~~~^^^^^^^^^^^^^^^^^^^^^
  File "C:\Users\Reymart De Lara\Desktop\WinMacOS\src\ui\main_window.py", line 1198, in _server_refresh_interval_ms
    base = self.refresh_interval_ms
           ^^^^^^^^^^^^^^^^^^^^^^^^
AttributeError: 'IBMiDashboard' object has no attribute 'refresh_interval_ms'. Did you mean: 'min_refresh_interval_ms'?

--- UNHANDLED EXCEPTION ---
Traceback (most recent call last):
  File "C:\Users\Reymart De Lara\Desktop\WinMacOS\src\ui\main_window.py", line 1675, in <lambda>
    self._on_single_server_fetched_independent(data, gen, task, srv)
    ~~~~~~~~~~~~~~~~~~~~~~~~~~~~~~~~~~~~~~~~~~^^^^^^^^^^^^^^^^^^^^^^
  File "C:\Users\Reymart De Lara\Desktop\WinMacOS\src\ui\main_window.py", line 1707, in _on_single_server_fetched_independent
    self._refresh_global_status_summary()
    ~~~~~~~~~~~~~~~~~~~~~~~~~~~~~~~~~~~^^
  File "C:\Users\Reymart De Lara\Desktop\WinMacOS\src\ui\main_window.py", line 1249, in _refresh_global_status_summary
    retry_delay_ms = self._next_retry_delay_ms()
  File "C:\Users\Reymart De Lara\Desktop\WinMacOS\src\ui\main_window.py", line 1217, in _next_retry_delay_ms
    candidate_intervals.append(self._server_refresh_interval_ms(server_name, result))
                               ~~~~~~~~~~~~~~~~~~~~~~~~~~~~~~~~^^^^^^^^^^^^^^^^^^^^^
  File "C:\Users\Reymart De Lara\Desktop\WinMacOS\src\ui\main_window.py", line 1198, in _server_refresh_interval_ms
    base = self.refresh_interval_ms
           ^^^^^^^^^^^^^^^^^^^^^^^^
AttributeError: 'IBMiDashboard' object has no attribute 'refresh_interval_ms'. Did you mean: 'min_refresh_interval_ms'?

--- UNHANDLED EXCEPTION ---
Traceback (most recent call last):
  File "C:\Users\Reymart De Lara\Desktop\WinMacOS\src\ui\main_window.py", line 1675, in <lambda>
    self._on_single_server_fetched_independent(data, gen, task, srv)
    ~~~~~~~~~~~~~~~~~~~~~~~~~~~~~~~~~~~~~~~~~~^^^^^^^^^^^^^^^^^^^^^^
  File "C:\Users\Reymart De Lara\Desktop\WinMacOS\src\ui\main_window.py", line 1707, in _on_single_server_fetched_independent
    self._refresh_global_status_summary()
    ~~~~~~~~~~~~~~~~~~~~~~~~~~~~~~~~~~~^^
  File "C:\Users\Reymart De Lara\Desktop\WinMacOS\src\ui\main_window.py", line 1249, in _refresh_global_status_summary
    retry_delay_ms = self._next_retry_delay_ms()
  File "C:\Users\Reymart De Lara\Desktop\WinMacOS\src\ui\main_window.py", line 1217, in _next_retry_delay_ms
    candidate_intervals.append(self._server_refresh_interval_ms(server_name, result))
                               ~~~~~~~~~~~~~~~~~~~~~~~~~~~~~~~~^^^^^^^^^^^^^^^^^^^^^
  File "C:\Users\Reymart De Lara\Desktop\WinMacOS\src\ui\main_window.py", line 1198, in _server_refresh_interval_ms
    base = self.refresh_interval_ms
           ^^^^^^^^^^^^^^^^^^^^^^^^
AttributeError: 'IBMiDashboard' object has no attribute 'refresh_interval_ms'. Did you mean: 'min_refresh_interval_ms'?

--- UNHANDLED EXCEPTION ---
Traceback (most recent call last):
  File "C:\Users\Reymart De Lara\Desktop\WinMacOS\src\ui\main_window.py", line 1675, in <lambda>
    self._on_single_server_fetched_independent(data, gen, task, srv)
    ~~~~~~~~~~~~~~~~~~~~~~~~~~~~~~~~~~~~~~~~~~^^^^^^^^^^^^^^^^^^^^^^
  File "C:\Users\Reymart De Lara\Desktop\WinMacOS\src\ui\main_window.py", line 1707, in _on_single_server_fetched_independent
    self._refresh_global_status_summary()
    ~~~~~~~~~~~~~~~~~~~~~~~~~~~~~~~~~~~^^
  File "C:\Users\Reymart De Lara\Desktop\WinMacOS\src\ui\main_window.py", line 1249, in _refresh_global_status_summary
    retry_delay_ms = self._next_retry_delay_ms()
  File "C:\Users\Reymart De Lara\Desktop\WinMacOS\src\ui\main_window.py", line 1217, in _next_retry_delay_ms
    candidate_intervals.append(self._server_refresh_interval_ms(server_name, result))
                               ~~~~~~~~~~~~~~~~~~~~~~~~~~~~~~~~^^^^^^^^^^^^^^^^^^^^^
  File "C:\Users\Reymart De Lara\Desktop\WinMacOS\src\ui\main_window.py", line 1198, in _server_refresh_interval_ms
    base = self.refresh_interval_ms
           ^^^^^^^^^^^^^^^^^^^^^^^^
AttributeError: 'IBMiDashboard' object has no attribute 'refresh_interval_ms'. Did you mean: 'min_refresh_interval_ms'?

--- UNHANDLED EXCEPTION ---
Traceback (most recent call last):
  File "C:\Users\Reymart De Lara\Desktop\WinMacOS\src\ui\main_window.py", line 1675, in <lambda>
    self._on_single_server_fetched_independent(data, gen, task, srv)
    ~~~~~~~~~~~~~~~~~~~~~~~~~~~~~~~~~~~~~~~~~~^^^^^^^^^^^^^^^^^^^^^^
  File "C:\Users\Reymart De Lara\Desktop\WinMacOS\src\ui\main_window.py", line 1707, in _on_single_server_fetched_independent
    self._refresh_global_status_summary()
    ~~~~~~~~~~~~~~~~~~~~~~~~~~~~~~~~~~~^^
  File "C:\Users\Reymart De Lara\Desktop\WinMacOS\src\ui\main_window.py", line 1249, in _refresh_global_status_summary
    retry_delay_ms = self._next_retry_delay_ms()
  File "C:\Users\Reymart De Lara\Desktop\WinMacOS\src\ui\main_window.py", line 1217, in _next_retry_delay_ms
    candidate_intervals.append(self._server_refresh_interval_ms(server_name, result))
                               ~~~~~~~~~~~~~~~~~~~~~~~~~~~~~~~~^^^^^^^^^^^^^^^^^^^^^
  File "C:\Users\Reymart De Lara\Desktop\WinMacOS\src\ui\main_window.py", line 1198, in _server_refresh_interval_ms
    base = self.refresh_interval_ms
           ^^^^^^^^^^^^^^^^^^^^^^^^
AttributeError: 'IBMiDashboard' object has no attribute 'refresh_interval_ms'. Did you mean: 'min_refresh_interval_ms'?

--- UNHANDLED EXCEPTION ---
Traceback (most recent call last):
  File "C:\Users\Reymart De Lara\Desktop\WinMacOS\src\ui\main_window.py", line 1675, in <lambda>
    self._on_single_server_fetched_independent(data, gen, task, srv)
    ~~~~~~~~~~~~~~~~~~~~~~~~~~~~~~~~~~~~~~~~~~^^^^^^^^^^^^^^^^^^^^^^
  File "C:\Users\Reymart De Lara\Desktop\WinMacOS\src\ui\main_window.py", line 1707, in _on_single_server_fetched_independent
    self._refresh_global_status_summary()
    ~~~~~~~~~~~~~~~~~~~~~~~~~~~~~~~~~~~^^
  File "C:\Users\Reymart De Lara\Desktop\WinMacOS\src\ui\main_window.py", line 1249, in _refresh_global_status_summary
    retry_delay_ms = self._next_retry_delay_ms()
  File "C:\Users\Reymart De Lara\Desktop\WinMacOS\src\ui\main_window.py", line 1217, in _next_retry_delay_ms
    candidate_intervals.append(self._server_refresh_interval_ms(server_name, result))
                               ~~~~~~~~~~~~~~~~~~~~~~~~~~~~~~~~^^^^^^^^^^^^^^^^^^^^^
  File "C:\Users\Reymart De Lara\Desktop\WinMacOS\src\ui\main_window.py", line 1198, in _server_refresh_interval_ms
    base = self.refresh_interval_ms
           ^^^^^^^^^^^^^^^^^^^^^^^^
AttributeError: 'IBMiDashboard' object has no attribute 'refresh_interval_ms'. Did you mean: 'min_refresh_interval_ms'?

--- UNHANDLED EXCEPTION ---
Traceback (most recent call last):
  File "C:\Users\Reymart De Lara\Desktop\WinMacOS\src\ui\main_window.py", line 1675, in <lambda>
    self._on_single_server_fetched_independent(data, gen, task, srv)
    ~~~~~~~~~~~~~~~~~~~~~~~~~~~~~~~~~~~~~~~~~~^^^^^^^^^^^^^^^^^^^^^^
  File "C:\Users\Reymart De Lara\Desktop\WinMacOS\src\ui\main_window.py", line 1707, in _on_single_server_fetched_independent
    self._refresh_global_status_summary()
    ~~~~~~~~~~~~~~~~~~~~~~~~~~~~~~~~~~~^^
  File "C:\Users\Reymart De Lara\Desktop\WinMacOS\src\ui\main_window.py", line 1249, in _refresh_global_status_summary
    retry_delay_ms = self._next_retry_delay_ms()
  File "C:\Users\Reymart De Lara\Desktop\WinMacOS\src\ui\main_window.py", line 1217, in _next_retry_delay_ms
    candidate_intervals.append(self._server_refresh_interval_ms(server_name, result))
                               ~~~~~~~~~~~~~~~~~~~~~~~~~~~~~~~~^^^^^^^^^^^^^^^^^^^^^
  File "C:\Users\Reymart De Lara\Desktop\WinMacOS\src\ui\main_window.py", line 1198, in _server_refresh_interval_ms
    base = self.refresh_interval_ms
           ^^^^^^^^^^^^^^^^^^^^^^^^
AttributeError: 'IBMiDashboard' object has no attribute 'refresh_interval_ms'. Did you mean: 'min_refresh_interval_ms'?

--- UNHANDLED EXCEPTION ---
Traceback (most recent call last):
  File "C:\Users\Reymart De Lara\Desktop\WinMacOS\src\ui\main_window.py", line 1675, in <lambda>
    self._on_single_server_fetched_independent(data, gen, task, srv)
    ~~~~~~~~~~~~~~~~~~~~~~~~~~~~~~~~~~~~~~~~~~^^^^^^^^^^^^^^^^^^^^^^
  File "C:\Users\Reymart De Lara\Desktop\WinMacOS\src\ui\main_window.py", line 1707, in _on_single_server_fetched_independent
    self._refresh_global_status_summary()
    ~~~~~~~~~~~~~~~~~~~~~~~~~~~~~~~~~~~^^
  File "C:\Users\Reymart De Lara\Desktop\WinMacOS\src\ui\main_window.py", line 1249, in _refresh_global_status_summary
    retry_delay_ms = self._next_retry_delay_ms()
  File "C:\Users\Reymart De Lara\Desktop\WinMacOS\src\ui\main_window.py", line 1217, in _next_retry_delay_ms
    candidate_intervals.append(self._server_refresh_interval_ms(server_name, result))
                               ~~~~~~~~~~~~~~~~~~~~~~~~~~~~~~~~^^^^^^^^^^^^^^^^^^^^^
  File "C:\Users\Reymart De Lara\Desktop\WinMacOS\src\ui\main_window.py", line 1198, in _server_refresh_interval_ms
    base = self.refresh_interval_ms
           ^^^^^^^^^^^^^^^^^^^^^^^^
AttributeError: 'IBMiDashboard' object has no attribute 'refresh_interval_ms'. Did you mean: 'min_refresh_interval_ms'?

--- UNHANDLED EXCEPTION ---
Traceback (most recent call last):
  File "C:\Users\Reymart De Lara\Desktop\WinMacOS\src\ui\main_window.py", line 1675, in <lambda>
    self._on_single_server_fetched_independent(data, gen, task, srv)
    ~~~~~~~~~~~~~~~~~~~~~~~~~~~~~~~~~~~~~~~~~~^^^^^^^^^^^^^^^^^^^^^^
  File "C:\Users\Reymart De Lara\Desktop\WinMacOS\src\ui\main_window.py", line 1707, in _on_single_server_fetched_independent
    self._refresh_global_status_summary()
    ~~~~~~~~~~~~~~~~~~~~~~~~~~~~~~~~~~~^^
  File "C:\Users\Reymart De Lara\Desktop\WinMacOS\src\ui\main_window.py", line 1249, in _refresh_global_status_summary
    retry_delay_ms = self._next_retry_delay_ms()
  File "C:\Users\Reymart De Lara\Desktop\WinMacOS\src\ui\main_window.py", line 1217, in _next_retry_delay_ms
    candidate_intervals.append(self._server_refresh_interval_ms(server_name, result))
                               ~~~~~~~~~~~~~~~~~~~~~~~~~~~~~~~~^^^^^^^^^^^^^^^^^^^^^
  File "C:\Users\Reymart De Lara\Desktop\WinMacOS\src\ui\main_window.py", line 1198, in _server_refresh_interval_ms
    base = self.refresh_interval_ms
           ^^^^^^^^^^^^^^^^^^^^^^^^
AttributeError: 'IBMiDashboard' object has no attribute 'refresh_interval_ms'. Did you mean: 'min_refresh_interval_ms'?

--- UNHANDLED EXCEPTION ---
Traceback (most recent call last):
  File "C:\Users\Reymart De Lara\Desktop\WinMacOS\src\worker.py", line 728, in run
    self.signals.server_fetched.emit(result)
    ^^^^^^^^^^^^^^^^^^^^^^^^^^^
RuntimeError: wrapped C/C++ object of type LparWorkerSignals has been deleted

--- UNHANDLED EXCEPTION ---
Traceback (most recent call last):
  File "C:\Users\Reymart De Lara\Desktop\WinMacOS\src\worker.py", line 728, in run
    self.signals.server_fetched.emit(result)
    ^^^^^^^^^^^^^^^^^^^^^^^^^^^
RuntimeError: wrapped C/C++ object of type LparWorkerSignals has been deleted

--- UNHANDLED EXCEPTION ---
Traceback (most recent call last):
  File "C:\Users\Reymart De Lara\Desktop\WinMacOS\src\worker.py", line 728, in run
    self.signals.server_fetched.emit(result)
    ^^^^^^^^^^^^^^^^^^^^^^^^^^^
RuntimeError: wrapped C/C++ object of type LparWorkerSignals has been deleted

--- UNHANDLED EXCEPTION ---
Traceback (most recent call last):
  File "C:\Users\Reymart De Lara\Desktop\WinMacOS\src\ui\log_viewer.py", line 101, in run
    self.signals.finished.emit({
    ^^^^^^^^^^^^^^^^^^^^^
RuntimeError: wrapped C/C++ object of type LogHistoryLoadSignals has been deleted

--- UNHANDLED EXCEPTION ---
Traceback (most recent call last):
  File "C:\Users\Reymart De Lara\Desktop\WinMacOS\src\worker.py", line 728, in run
    self.signals.server_fetched.emit(result)
    ^^^^^^^^^^^^^^^^^^^^^^^^^^^
RuntimeError: wrapped C/C++ object of type LparWorkerSignals has been deleted

--- UNHANDLED EXCEPTION ---
Traceback (most recent call last):
  File "C:\Users\Reymart De Lara\Desktop\WinMacOS\src\ui\monthly_report.py", line 302, in <lambda>
    btn.clicked.connect(lambda _, key=f"{metric_name}:{label}": self._on_toggle_change(key))
                                                                ~~~~~~~~~~~~~~~~~~~~~~^^^^^
  File "C:\Users\Reymart De Lara\Desktop\WinMacOS\src\ui\monthly_report.py", line 358, in _on_toggle_change
    self.refresh_report()
    ~~~~~~~~~~~~~~~~~~~^^
  File "C:\Users\Reymart De Lara\Desktop\WinMacOS\src\ui\monthly_report.py", line 486, in refresh_report
    report = self._build_month_report(month_key, self.cpu_chart.mode)
  File "C:\Users\Reymart De Lara\Desktop\WinMacOS\src\ui\monthly_report.py", line 546, in _build_month_report
    day_values = defaultdict(lambda: {"cpu": defaultdict(list), "asp": defaultdict(list)})
                 ^^^^^^^^^^^
NameError: name 'defaultdict' is not defined

--- UNHANDLED EXCEPTION ---
Traceback (most recent call last):
  File "C:\Users\Reymart De Lara\Desktop\WinMacOS\src\ui\monthly_report.py", line 302, in <lambda>
    btn.clicked.connect(lambda _, key=f"{metric_name}:{label}": self._on_toggle_change(key))
                                                                ~~~~~~~~~~~~~~~~~~~~~~^^^^^
  File "C:\Users\Reymart De Lara\Desktop\WinMacOS\src\ui\monthly_report.py", line 358, in _on_toggle_change
    self.refresh_report()
    ~~~~~~~~~~~~~~~~~~~^^
  File "C:\Users\Reymart De Lara\Desktop\WinMacOS\src\ui\monthly_report.py", line 486, in refresh_report
    report = self._build_month_report(month_key, self.cpu_chart.mode)
  File "C:\Users\Reymart De Lara\Desktop\WinMacOS\src\ui\monthly_report.py", line 546, in _build_month_report
    day_values = defaultdict(lambda: {"cpu": defaultdict(list), "asp": defaultdict(list)})
                 ^^^^^^^^^^^
NameError: name 'defaultdict' is not defined

--- UNHANDLED EXCEPTION ---
Traceback (most recent call last):
  File "C:\Users\Reymart De Lara\Desktop\WinMacOS\src\ui\monthly_report.py", line 302, in <lambda>
    btn.clicked.connect(lambda _, key=f"{metric_name}:{label}": self._on_toggle_change(key))
                                                                ~~~~~~~~~~~~~~~~~~~~~~^^^^^
  File "C:\Users\Reymart De Lara\Desktop\WinMacOS\src\ui\monthly_report.py", line 358, in _on_toggle_change
    self.refresh_report()
    ~~~~~~~~~~~~~~~~~~~^^
  File "C:\Users\Reymart De Lara\Desktop\WinMacOS\src\ui\monthly_report.py", line 486, in refresh_report
    report = self._build_month_report(month_key, self.cpu_chart.mode)
  File "C:\Users\Reymart De Lara\Desktop\WinMacOS\src\ui\monthly_report.py", line 546, in _build_month_report
    day_values = defaultdict(lambda: {"cpu": defaultdict(list), "asp": defaultdict(list)})
                 ^^^^^^^^^^^
NameError: name 'defaultdict' is not defined

--- UNHANDLED EXCEPTION ---
Traceback (most recent call last):
  File "C:\Users\Reymart De Lara\Desktop\WinMacOS\src\ui\monthly_report.py", line 302, in <lambda>
    btn.clicked.connect(lambda _, key=f"{metric_name}:{label}": self._on_toggle_change(key))
                                                                ~~~~~~~~~~~~~~~~~~~~~~^^^^^
  File "C:\Users\Reymart De Lara\Desktop\WinMacOS\src\ui\monthly_report.py", line 358, in _on_toggle_change
    self.refresh_report()
    ~~~~~~~~~~~~~~~~~~~^^
  File "C:\Users\Reymart De Lara\Desktop\WinMacOS\src\ui\monthly_report.py", line 486, in refresh_report
    report = self._build_month_report(month_key, self.cpu_chart.mode)
  File "C:\Users\Reymart De Lara\Desktop\WinMacOS\src\ui\monthly_report.py", line 546, in _build_month_report
    day_values = defaultdict(lambda: {"cpu": defaultdict(list), "asp": defaultdict(list)})
                 ^^^^^^^^^^^
NameError: name 'defaultdict' is not defined

--- UNHANDLED EXCEPTION ---
Traceback (most recent call last):
  File "C:\Users\Reymart De Lara\Desktop\WinMacOS\src\ui\monthly_report.py", line 302, in <lambda>
    btn.clicked.connect(lambda _, key=f"{metric_name}:{label}": self._on_toggle_change(key))
                                                                ~~~~~~~~~~~~~~~~~~~~~~^^^^^
  File "C:\Users\Reymart De Lara\Desktop\WinMacOS\src\ui\monthly_report.py", line 358, in _on_toggle_change
    self.refresh_report()
    ~~~~~~~~~~~~~~~~~~~^^
  File "C:\Users\Reymart De Lara\Desktop\WinMacOS\src\ui\monthly_report.py", line 486, in refresh_report
    report = self._build_month_report(month_key, self.cpu_chart.mode)
  File "C:\Users\Reymart De Lara\Desktop\WinMacOS\src\ui\monthly_report.py", line 546, in _build_month_report
    day_values = defaultdict(lambda: {"cpu": defaultdict(list), "asp": defaultdict(list)})
                 ^^^^^^^^^^^
NameError: name 'defaultdict' is not defined

--- UNHANDLED EXCEPTION ---
Traceback (most recent call last):
  File "C:\Users\Reymart De Lara\Desktop\WinMacOS\src\ui\monthly_report.py", line 302, in <lambda>
    btn.clicked.connect(lambda _, key=f"{metric_name}:{label}": self._on_toggle_change(key))
                                                                ~~~~~~~~~~~~~~~~~~~~~~^^^^^
  File "C:\Users\Reymart De Lara\Desktop\WinMacOS\src\ui\monthly_report.py", line 358, in _on_toggle_change
    self.refresh_report()
    ~~~~~~~~~~~~~~~~~~~^^
  File "C:\Users\Reymart De Lara\Desktop\WinMacOS\src\ui\monthly_report.py", line 486, in refresh_report
    report = self._build_month_report(month_key, self.cpu_chart.mode)
  File "C:\Users\Reymart De Lara\Desktop\WinMacOS\src\ui\monthly_report.py", line 546, in _build_month_report
    day_values = defaultdict(lambda: {"cpu": defaultdict(list), "asp": defaultdict(list)})
                 ^^^^^^^^^^^
NameError: name 'defaultdict' is not defined

--- UNHANDLED EXCEPTION ---
Traceback (most recent call last):
  File "C:\Users\Reymart De Lara\Desktop\WinMacOS\src\ui\monthly_report.py", line 302, in <lambda>
    btn.clicked.connect(lambda _, key=f"{metric_name}:{label}": self._on_toggle_change(key))
                                                                ~~~~~~~~~~~~~~~~~~~~~~^^^^^
  File "C:\Users\Reymart De Lara\Desktop\WinMacOS\src\ui\monthly_report.py", line 358, in _on_toggle_change
    self.refresh_report()
    ~~~~~~~~~~~~~~~~~~~^^
  File "C:\Users\Reymart De Lara\Desktop\WinMacOS\src\ui\monthly_report.py", line 486, in refresh_report
    report = self._build_month_report(month_key, self.cpu_chart.mode)
  File "C:\Users\Reymart De Lara\Desktop\WinMacOS\src\ui\monthly_report.py", line 546, in _build_month_report
    day_values = defaultdict(lambda: {"cpu": defaultdict(list), "asp": defaultdict(list)})
                 ^^^^^^^^^^^
NameError: name 'defaultdict' is not defined

--- UNHANDLED EXCEPTION ---
Traceback (most recent call last):
  File "C:\Users\Reymart De Lara\Desktop\WinMacOS\src\ui\monthly_report.py", line 302, in <lambda>
    btn.clicked.connect(lambda _, key=f"{metric_name}:{label}": self._on_toggle_change(key))
                                                                ~~~~~~~~~~~~~~~~~~~~~~^^^^^
  File "C:\Users\Reymart De Lara\Desktop\WinMacOS\src\ui\monthly_report.py", line 358, in _on_toggle_change
    self.refresh_report()
    ~~~~~~~~~~~~~~~~~~~^^
  File "C:\Users\Reymart De Lara\Desktop\WinMacOS\src\ui\monthly_report.py", line 486, in refresh_report
    report = self._build_month_report(month_key, self.cpu_chart.mode)
  File "C:\Users\Reymart De Lara\Desktop\WinMacOS\src\ui\monthly_report.py", line 546, in _build_month_report
    day_values = defaultdict(lambda: {"cpu": defaultdict(list), "asp": defaultdict(list)})
                 ^^^^^^^^^^^
NameError: name 'defaultdict' is not defined

--- UNHANDLED EXCEPTION ---
Traceback (most recent call last):
  File "C:\Users\Reymart De Lara\Desktop\WinMacOS\src\ui\monthly_report.py", line 302, in <lambda>
    btn.clicked.connect(lambda _, key=f"{metric_name}:{label}": self._on_toggle_change(key))
                                                                ~~~~~~~~~~~~~~~~~~~~~~^^^^^
  File "C:\Users\Reymart De Lara\Desktop\WinMacOS\src\ui\monthly_report.py", line 358, in _on_toggle_change
    self.refresh_report()
    ~~~~~~~~~~~~~~~~~~~^^
  File "C:\Users\Reymart De Lara\Desktop\WinMacOS\src\ui\monthly_report.py", line 486, in refresh_report
    report = self._build_month_report(month_key, self.cpu_chart.mode)
  File "C:\Users\Reymart De Lara\Desktop\WinMacOS\src\ui\monthly_report.py", line 546, in _build_month_report
    day_values = defaultdict(lambda: {"cpu": defaultdict(list), "asp": defaultdict(list)})
                 ^^^^^^^^^^^
NameError: name 'defaultdict' is not defined

--- UNHANDLED EXCEPTION ---
Traceback (most recent call last):
  File "C:\Users\Reymart De Lara\Desktop\WinMacOS\src\ui\monthly_report.py", line 302, in <lambda>
    btn.clicked.connect(lambda _, key=f"{metric_name}:{label}": self._on_toggle_change(key))
                                                                ~~~~~~~~~~~~~~~~~~~~~~^^^^^
  File "C:\Users\Reymart De Lara\Desktop\WinMacOS\src\ui\monthly_report.py", line 358, in _on_toggle_change
    self.refresh_report()
    ~~~~~~~~~~~~~~~~~~~^^
  File "C:\Users\Reymart De Lara\Desktop\WinMacOS\src\ui\monthly_report.py", line 486, in refresh_report
    report = self._build_month_report(month_key, self.cpu_chart.mode)
  File "C:\Users\Reymart De Lara\Desktop\WinMacOS\src\ui\monthly_report.py", line 546, in _build_month_report
    day_values = defaultdict(lambda: {"cpu": defaultdict(list), "asp": defaultdict(list)})
                 ^^^^^^^^^^^
NameError: name 'defaultdict' is not defined

--- UNHANDLED EXCEPTION ---
Traceback (most recent call last):
  File "C:\Users\Reymart De Lara\Desktop\WinMacOS\src\ui\monthly_report.py", line 302, in <lambda>
    btn.clicked.connect(lambda _, key=f"{metric_name}:{label}": self._on_toggle_change(key))
                                                                ~~~~~~~~~~~~~~~~~~~~~~^^^^^
  File "C:\Users\Reymart De Lara\Desktop\WinMacOS\src\ui\monthly_report.py", line 358, in _on_toggle_change
    self.refresh_report()
    ~~~~~~~~~~~~~~~~~~~^^
  File "C:\Users\Reymart De Lara\Desktop\WinMacOS\src\ui\monthly_report.py", line 486, in refresh_report
    report = self._build_month_report(month_key, self.cpu_chart.mode)
  File "C:\Users\Reymart De Lara\Desktop\WinMacOS\src\ui\monthly_report.py", line 546, in _build_month_report
    day_values = defaultdict(lambda: {"cpu": defaultdict(list), "asp": defaultdict(list)})
                 ^^^^^^^^^^^
NameError: name 'defaultdict' is not defined

--- UNHANDLED EXCEPTION ---
Traceback (most recent call last):
  File "C:\Users\Reymart De Lara\Desktop\WinMacOS\src\ui\monthly_report.py", line 302, in <lambda>
    btn.clicked.connect(lambda _, key=f"{metric_name}:{label}": self._on_toggle_change(key))
                                                                ~~~~~~~~~~~~~~~~~~~~~~^^^^^
  File "C:\Users\Reymart De Lara\Desktop\WinMacOS\src\ui\monthly_report.py", line 358, in _on_toggle_change
    self.refresh_report()
    ~~~~~~~~~~~~~~~~~~~^^
  File "C:\Users\Reymart De Lara\Desktop\WinMacOS\src\ui\monthly_report.py", line 486, in refresh_report
    report = self._build_month_report(month_key, self.cpu_chart.mode)
  File "C:\Users\Reymart De Lara\Desktop\WinMacOS\src\ui\monthly_report.py", line 546, in _build_month_report
    day_values = defaultdict(lambda: {"cpu": defaultdict(list), "asp": defaultdict(list)})
                 ^^^^^^^^^^^
NameError: name 'defaultdict' is not defined

--- UNHANDLED EXCEPTION ---
Traceback (most recent call last):
  File "C:\Users\Reymart De Lara\Desktop\WinMacOS\src\ui\monthly_report.py", line 302, in <lambda>
    btn.clicked.connect(lambda _, key=f"{metric_name}:{label}": self._on_toggle_change(key))
                                                                ~~~~~~~~~~~~~~~~~~~~~~^^^^^
  File "C:\Users\Reymart De Lara\Desktop\WinMacOS\src\ui\monthly_report.py", line 358, in _on_toggle_change
    self.refresh_report()
    ~~~~~~~~~~~~~~~~~~~^^
  File "C:\Users\Reymart De Lara\Desktop\WinMacOS\src\ui\monthly_report.py", line 486, in refresh_report
    report = self._build_month_report(month_key, self.cpu_chart.mode)
  File "C:\Users\Reymart De Lara\Desktop\WinMacOS\src\ui\monthly_report.py", line 546, in _build_month_report
    day_values = defaultdict(lambda: {"cpu": defaultdict(list), "asp": defaultdict(list)})
                 ^^^^^^^^^^^
NameError: name 'defaultdict' is not defined

--- UNHANDLED EXCEPTION ---
Traceback (most recent call last):
  File "C:\Users\Reymart De Lara\Desktop\WinMacOS\src\ui\monthly_report.py", line 302, in <lambda>
    btn.clicked.connect(lambda _, key=f"{metric_name}:{label}": self._on_toggle_change(key))
                                                                ~~~~~~~~~~~~~~~~~~~~~~^^^^^
  File "C:\Users\Reymart De Lara\Desktop\WinMacOS\src\ui\monthly_report.py", line 358, in _on_toggle_change
    self.refresh_report()
    ~~~~~~~~~~~~~~~~~~~^^
  File "C:\Users\Reymart De Lara\Desktop\WinMacOS\src\ui\monthly_report.py", line 486, in refresh_report
    report = self._build_month_report(month_key, self.cpu_chart.mode)
  File "C:\Users\Reymart De Lara\Desktop\WinMacOS\src\ui\monthly_report.py", line 546, in _build_month_report
    day_values = defaultdict(lambda: {"cpu": defaultdict(list), "asp": defaultdict(list)})
                 ^^^^^^^^^^^
NameError: name 'defaultdict' is not defined

--- UNHANDLED EXCEPTION ---
Traceback (most recent call last):
  File "C:\Users\Reymart De Lara\Desktop\WinMacOS\src\ui\monthly_report.py", line 302, in <lambda>
    btn.clicked.connect(lambda _, key=f"{metric_name}:{label}": self._on_toggle_change(key))
                                                                ~~~~~~~~~~~~~~~~~~~~~~^^^^^
  File "C:\Users\Reymart De Lara\Desktop\WinMacOS\src\ui\monthly_report.py", line 358, in _on_toggle_change
    self.refresh_report()
    ~~~~~~~~~~~~~~~~~~~^^
  File "C:\Users\Reymart De Lara\Desktop\WinMacOS\src\ui\monthly_report.py", line 486, in refresh_report
    report = self._build_month_report(month_key, self.cpu_chart.mode)
  File "C:\Users\Reymart De Lara\Desktop\WinMacOS\src\ui\monthly_report.py", line 546, in _build_month_report
    day_values = defaultdict(lambda: {"cpu": defaultdict(list), "asp": defaultdict(list)})
                 ^^^^^^^^^^^
NameError: name 'defaultdict' is not defined

--- UNHANDLED EXCEPTION ---
Traceback (most recent call last):
  File "C:\Users\Reymart De Lara\Desktop\WinMacOS\src\ui\monthly_report.py", line 302, in <lambda>
    btn.clicked.connect(lambda _, key=f"{metric_name}:{label}": self._on_toggle_change(key))
                                                                ~~~~~~~~~~~~~~~~~~~~~~^^^^^
  File "C:\Users\Reymart De Lara\Desktop\WinMacOS\src\ui\monthly_report.py", line 358, in _on_toggle_change
    self.refresh_report()
    ~~~~~~~~~~~~~~~~~~~^^
  File "C:\Users\Reymart De Lara\Desktop\WinMacOS\src\ui\monthly_report.py", line 486, in refresh_report
    report = self._build_month_report(month_key, self.cpu_chart.mode)
  File "C:\Users\Reymart De Lara\Desktop\WinMacOS\src\ui\monthly_report.py", line 546, in _build_month_report
    day_values = defaultdict(lambda: {"cpu": defaultdict(list), "asp": defaultdict(list)})
                 ^^^^^^^^^^^
NameError: name 'defaultdict' is not defined

--- UNHANDLED EXCEPTION ---
Traceback (most recent call last):
  File "C:\Users\Reymart De Lara\Desktop\WinMacOS\src\ui\monthly_report.py", line 302, in <lambda>
    btn.clicked.connect(lambda _, key=f"{metric_name}:{label}": self._on_toggle_change(key))
                                                                ~~~~~~~~~~~~~~~~~~~~~~^^^^^
  File "C:\Users\Reymart De Lara\Desktop\WinMacOS\src\ui\monthly_report.py", line 358, in _on_toggle_change
    self.refresh_report()
    ~~~~~~~~~~~~~~~~~~~^^
  File "C:\Users\Reymart De Lara\Desktop\WinMacOS\src\ui\monthly_report.py", line 486, in refresh_report
    report = self._build_month_report(month_key, self.cpu_chart.mode)
  File "C:\Users\Reymart De Lara\Desktop\WinMacOS\src\ui\monthly_report.py", line 546, in _build_month_report
    day_values = defaultdict(lambda: {"cpu": defaultdict(list), "asp": defaultdict(list)})
                 ^^^^^^^^^^^
NameError: name 'defaultdict' is not defined

--- UNHANDLED EXCEPTION ---
Traceback (most recent call last):
  File "C:\Users\Reymart De Lara\Desktop\WinMacOS\src\ui\monthly_report.py", line 302, in <lambda>
    btn.clicked.connect(lambda _, key=f"{metric_name}:{label}": self._on_toggle_change(key))
                                                                ~~~~~~~~~~~~~~~~~~~~~~^^^^^
  File "C:\Users\Reymart De Lara\Desktop\WinMacOS\src\ui\monthly_report.py", line 358, in _on_toggle_change
    self.refresh_report()
    ~~~~~~~~~~~~~~~~~~~^^
  File "C:\Users\Reymart De Lara\Desktop\WinMacOS\src\ui\monthly_report.py", line 486, in refresh_report
    report = self._build_month_report(month_key, self.cpu_chart.mode)
  File "C:\Users\Reymart De Lara\Desktop\WinMacOS\src\ui\monthly_report.py", line 546, in _build_month_report
    day_values = defaultdict(lambda: {"cpu": defaultdict(list), "asp": defaultdict(list)})
                 ^^^^^^^^^^^
NameError: name 'defaultdict' is not defined

--- UNHANDLED EXCEPTION ---
Traceback (most recent call last):
  File "C:\Users\Reymart De Lara\Desktop\WinMacOS\src\ui\monthly_report.py", line 302, in <lambda>
    btn.clicked.connect(lambda _, key=f"{metric_name}:{label}": self._on_toggle_change(key))
                                                                ~~~~~~~~~~~~~~~~~~~~~~^^^^^
  File "C:\Users\Reymart De Lara\Desktop\WinMacOS\src\ui\monthly_report.py", line 358, in _on_toggle_change
    self.refresh_report()
    ~~~~~~~~~~~~~~~~~~~^^
  File "C:\Users\Reymart De Lara\Desktop\WinMacOS\src\ui\monthly_report.py", line 486, in refresh_report
    report = self._build_month_report(month_key, self.cpu_chart.mode)
  File "C:\Users\Reymart De Lara\Desktop\WinMacOS\src\ui\monthly_report.py", line 546, in _build_month_report
    day_values = defaultdict(lambda: {"cpu": defaultdict(list), "asp": defaultdict(list)})
                 ^^^^^^^^^^^
NameError: name 'defaultdict' is not defined

--- UNHANDLED EXCEPTION ---
Traceback (most recent call last):
  File "C:\Users\Reymart De Lara\Desktop\WinMacOS\src\ui\monthly_report.py", line 302, in <lambda>
    btn.clicked.connect(lambda _, key=f"{metric_name}:{label}": self._on_toggle_change(key))
                                                                ~~~~~~~~~~~~~~~~~~~~~~^^^^^
  File "C:\Users\Reymart De Lara\Desktop\WinMacOS\src\ui\monthly_report.py", line 358, in _on_toggle_change
    self.refresh_report()
    ~~~~~~~~~~~~~~~~~~~^^
  File "C:\Users\Reymart De Lara\Desktop\WinMacOS\src\ui\monthly_report.py", line 486, in refresh_report
    report = self._build_month_report(month_key, self.cpu_chart.mode)
  File "C:\Users\Reymart De Lara\Desktop\WinMacOS\src\ui\monthly_report.py", line 546, in _build_month_report
    day_values = defaultdict(lambda: {"cpu": defaultdict(list), "asp": defaultdict(list)})
                 ^^^^^^^^^^^
NameError: name 'defaultdict' is not defined

--- UNHANDLED EXCEPTION ---
Traceback (most recent call last):
  File "C:\Users\Reymart De Lara\Desktop\WinMacOS\src\ui\monthly_report.py", line 302, in <lambda>
    btn.clicked.connect(lambda _, key=f"{metric_name}:{label}": self._on_toggle_change(key))
                                                                ~~~~~~~~~~~~~~~~~~~~~~^^^^^
  File "C:\Users\Reymart De Lara\Desktop\WinMacOS\src\ui\monthly_report.py", line 358, in _on_toggle_change
    self.refresh_report()
    ~~~~~~~~~~~~~~~~~~~^^
  File "C:\Users\Reymart De Lara\Desktop\WinMacOS\src\ui\monthly_report.py", line 486, in refresh_report
    report = self._build_month_report(month_key, self.cpu_chart.mode)
  File "C:\Users\Reymart De Lara\Desktop\WinMacOS\src\ui\monthly_report.py", line 546, in _build_month_report
    day_values = defaultdict(lambda: {"cpu": defaultdict(list), "asp": defaultdict(list)})
                 ^^^^^^^^^^^
NameError: name 'defaultdict' is not defined

--- UNHANDLED EXCEPTION ---
Traceback (most recent call last):
  File "C:\Users\Reymart De Lara\Desktop\WinMacOS\src\ui\monthly_report.py", line 302, in <lambda>
    btn.clicked.connect(lambda _, key=f"{metric_name}:{label}": self._on_toggle_change(key))
                                                                ~~~~~~~~~~~~~~~~~~~~~~^^^^^
  File "C:\Users\Reymart De Lara\Desktop\WinMacOS\src\ui\monthly_report.py", line 358, in _on_toggle_change
    self.refresh_report()
    ~~~~~~~~~~~~~~~~~~~^^
  File "C:\Users\Reymart De Lara\Desktop\WinMacOS\src\ui\monthly_report.py", line 486, in refresh_report
    report = self._build_month_report(month_key, self.cpu_chart.mode)
  File "C:\Users\Reymart De Lara\Desktop\WinMacOS\src\ui\monthly_report.py", line 546, in _build_month_report
    day_values = defaultdict(lambda: {"cpu": defaultdict(list), "asp": defaultdict(list)})
                 ^^^^^^^^^^^
NameError: name 'defaultdict' is not defined

--- UNHANDLED EXCEPTION ---
Traceback (most recent call last):
  File "C:\Users\Reymart De Lara\Desktop\WinMacOS\src\ui\monthly_report.py", line 302, in <lambda>
    btn.clicked.connect(lambda _, key=f"{metric_name}:{label}": self._on_toggle_change(key))
                                                                ~~~~~~~~~~~~~~~~~~~~~~^^^^^
  File "C:\Users\Reymart De Lara\Desktop\WinMacOS\src\ui\monthly_report.py", line 358, in _on_toggle_change
    self.refresh_report()
    ~~~~~~~~~~~~~~~~~~~^^
  File "C:\Users\Reymart De Lara\Desktop\WinMacOS\src\ui\monthly_report.py", line 486, in refresh_report
    report = self._build_month_report(month_key, self.cpu_chart.mode)
  File "C:\Users\Reymart De Lara\Desktop\WinMacOS\src\ui\monthly_report.py", line 546, in _build_month_report
    day_values = defaultdict(lambda: {"cpu": defaultdict(list), "asp": defaultdict(list)})
                 ^^^^^^^^^^^
NameError: name 'defaultdict' is not defined

--- UNHANDLED EXCEPTION ---
Traceback (most recent call last):
  File "C:\Users\Reymart De Lara\Desktop\WinMacOS\src\ui\monthly_report.py", line 302, in <lambda>
    btn.clicked.connect(lambda _, key=f"{metric_name}:{label}": self._on_toggle_change(key))
                                                                ~~~~~~~~~~~~~~~~~~~~~~^^^^^
  File "C:\Users\Reymart De Lara\Desktop\WinMacOS\src\ui\monthly_report.py", line 358, in _on_toggle_change
    self.refresh_report()
    ~~~~~~~~~~~~~~~~~~~^^
  File "C:\Users\Reymart De Lara\Desktop\WinMacOS\src\ui\monthly_report.py", line 486, in refresh_report
    report = self._build_month_report(month_key, self.cpu_chart.mode)
  File "C:\Users\Reymart De Lara\Desktop\WinMacOS\src\ui\monthly_report.py", line 546, in _build_month_report
    day_values = defaultdict(lambda: {"cpu": defaultdict(list), "asp": defaultdict(list)})
                 ^^^^^^^^^^^
NameError: name 'defaultdict' is not defined

--- UNHANDLED EXCEPTION ---
Traceback (most recent call last):
  File "C:\Users\Reymart De Lara\Desktop\WinMacOS\src\ui\monthly_report.py", line 302, in <lambda>
    btn.clicked.connect(lambda _, key=f"{metric_name}:{label}": self._on_toggle_change(key))
                                                                ~~~~~~~~~~~~~~~~~~~~~~^^^^^
  File "C:\Users\Reymart De Lara\Desktop\WinMacOS\src\ui\monthly_report.py", line 358, in _on_toggle_change
    self.refresh_report()
    ~~~~~~~~~~~~~~~~~~~^^
  File "C:\Users\Reymart De Lara\Desktop\WinMacOS\src\ui\monthly_report.py", line 486, in refresh_report
    report = self._build_month_report(month_key, self.cpu_chart.mode)
  File "C:\Users\Reymart De Lara\Desktop\WinMacOS\src\ui\monthly_report.py", line 546, in _build_month_report
    day_values = defaultdict(lambda: {"cpu": defaultdict(list), "asp": defaultdict(list)})
                 ^^^^^^^^^^^
NameError: name 'defaultdict' is not defined

--- UNHANDLED EXCEPTION ---
Traceback (most recent call last):
  File "C:\Users\Reymart De Lara\Desktop\WinMacOS\src\ui\monthly_report.py", line 302, in <lambda>
    btn.clicked.connect(lambda _, key=f"{metric_name}:{label}": self._on_toggle_change(key))
                                                                ~~~~~~~~~~~~~~~~~~~~~~^^^^^
  File "C:\Users\Reymart De Lara\Desktop\WinMacOS\src\ui\monthly_report.py", line 358, in _on_toggle_change
    self.refresh_report()
    ~~~~~~~~~~~~~~~~~~~^^
  File "C:\Users\Reymart De Lara\Desktop\WinMacOS\src\ui\monthly_report.py", line 486, in refresh_report
    report = self._build_month_report(month_key, self.cpu_chart.mode)
  File "C:\Users\Reymart De Lara\Desktop\WinMacOS\src\ui\monthly_report.py", line 546, in _build_month_report
    day_values = defaultdict(lambda: {"cpu": defaultdict(list), "asp": defaultdict(list)})
                 ^^^^^^^^^^^
NameError: name 'defaultdict' is not defined

--- UNHANDLED EXCEPTION ---
Traceback (most recent call last):
  File "C:\Users\Reymart De Lara\Desktop\WinMacOS\src\ui\monthly_report.py", line 302, in <lambda>
    btn.clicked.connect(lambda _, key=f"{metric_name}:{label}": self._on_toggle_change(key))
                                                                ~~~~~~~~~~~~~~~~~~~~~~^^^^^
  File "C:\Users\Reymart De Lara\Desktop\WinMacOS\src\ui\monthly_report.py", line 358, in _on_toggle_change
    self.refresh_report()
    ~~~~~~~~~~~~~~~~~~~^^
  File "C:\Users\Reymart De Lara\Desktop\WinMacOS\src\ui\monthly_report.py", line 486, in refresh_report
    report = self._build_month_report(month_key, self.cpu_chart.mode)
  File "C:\Users\Reymart De Lara\Desktop\WinMacOS\src\ui\monthly_report.py", line 546, in _build_month_report
    day_values = defaultdict(lambda: {"cpu": defaultdict(list), "asp": defaultdict(list)})
                 ^^^^^^^^^^^
NameError: name 'defaultdict' is not defined

--- UNHANDLED EXCEPTION ---
Traceback (most recent call last):
  File "C:\Users\Reymart De Lara\Desktop\WinMacOS\src\ui\monthly_report.py", line 302, in <lambda>
    btn.clicked.connect(lambda _, key=f"{metric_name}:{label}": self._on_toggle_change(key))
                                                                ~~~~~~~~~~~~~~~~~~~~~~^^^^^
  File "C:\Users\Reymart De Lara\Desktop\WinMacOS\src\ui\monthly_report.py", line 358, in _on_toggle_change
    self.refresh_report()
    ~~~~~~~~~~~~~~~~~~~^^
  File "C:\Users\Reymart De Lara\Desktop\WinMacOS\src\ui\monthly_report.py", line 486, in refresh_report
    report = self._build_month_report(month_key, self.cpu_chart.mode)
  File "C:\Users\Reymart De Lara\Desktop\WinMacOS\src\ui\monthly_report.py", line 546, in _build_month_report
    day_values = defaultdict(lambda: {"cpu": defaultdict(list), "asp": defaultdict(list)})
                 ^^^^^^^^^^^
NameError: name 'defaultdict' is not defined

--- UNHANDLED EXCEPTION ---
Traceback (most recent call last):
  File "C:\Users\Reymart De Lara\Desktop\WinMacOS\src\ui\monthly_report.py", line 544, in refresh_report
    report = self._build_month_report(month_key, self.cpu_chart.mode)
  File "C:\Users\Reymart De Lara\Desktop\WinMacOS\src\ui\monthly_report.py", line 604, in _build_month_report
    day_values = defaultdict(lambda: {"cpu": defaultdict(list), "asp": defaultdict(list)})
                 ^^^^^^^^^^^
NameError: name 'defaultdict' is not defined

--- UNHANDLED EXCEPTION ---
Traceback (most recent call last):
  File "C:\Users\Reymart De Lara\Desktop\WinMacOS\src\ui\monthly_report.py", line 305, in <lambda>
    btn.clicked.connect(lambda _, key=f"{metric_name}:{label}": self._on_toggle_change(key))
                                                                ~~~~~~~~~~~~~~~~~~~~~~^^^^^
  File "C:\Users\Reymart De Lara\Desktop\WinMacOS\src\ui\monthly_report.py", line 361, in _on_toggle_change
    self.refresh_report()
    ~~~~~~~~~~~~~~~~~~~^^
  File "C:\Users\Reymart De Lara\Desktop\WinMacOS\src\ui\monthly_report.py", line 544, in refresh_report
    report = self._build_month_report(month_key, self.cpu_chart.mode)
  File "C:\Users\Reymart De Lara\Desktop\WinMacOS\src\ui\monthly_report.py", line 604, in _build_month_report
    day_values = defaultdict(lambda: {"cpu": defaultdict(list), "asp": defaultdict(list)})
                 ^^^^^^^^^^^
NameError: name 'defaultdict' is not defined

--- UNHANDLED EXCEPTION ---
Traceback (most recent call last):
  File "C:\Users\Reymart De Lara\Desktop\WinMacOS\src\ui\monthly_report.py", line 305, in <lambda>
    btn.clicked.connect(lambda _, key=f"{metric_name}:{label}": self._on_toggle_change(key))
                                                                ~~~~~~~~~~~~~~~~~~~~~~^^^^^
  File "C:\Users\Reymart De Lara\Desktop\WinMacOS\src\ui\monthly_report.py", line 361, in _on_toggle_change
    self.refresh_report()
    ~~~~~~~~~~~~~~~~~~~^^
  File "C:\Users\Reymart De Lara\Desktop\WinMacOS\src\ui\monthly_report.py", line 544, in refresh_report
    report = self._build_month_report(month_key, self.cpu_chart.mode)
  File "C:\Users\Reymart De Lara\Desktop\WinMacOS\src\ui\monthly_report.py", line 604, in _build_month_report
    day_values = defaultdict(lambda: {"cpu": defaultdict(list), "asp": defaultdict(list)})
                 ^^^^^^^^^^^
NameError: name 'defaultdict' is not defined

--- UNHANDLED EXCEPTION ---
Traceback (most recent call last):
  File "C:\Users\Reymart De Lara\Desktop\WinMacOS\src\ui\monthly_report.py", line 305, in <lambda>
    btn.clicked.connect(lambda _, key=f"{metric_name}:{label}": self._on_toggle_change(key))
                                                                ~~~~~~~~~~~~~~~~~~~~~~^^^^^
  File "C:\Users\Reymart De Lara\Desktop\WinMacOS\src\ui\monthly_report.py", line 361, in _on_toggle_change
    self.refresh_report()
    ~~~~~~~~~~~~~~~~~~~^^
  File "C:\Users\Reymart De Lara\Desktop\WinMacOS\src\ui\monthly_report.py", line 544, in refresh_report
    report = self._build_month_report(month_key, self.cpu_chart.mode)
  File "C:\Users\Reymart De Lara\Desktop\WinMacOS\src\ui\monthly_report.py", line 604, in _build_month_report
    day_values = defaultdict(lambda: {"cpu": defaultdict(list), "asp": defaultdict(list)})
                 ^^^^^^^^^^^
NameError: name 'defaultdict' is not defined

--- UNHANDLED EXCEPTION ---
Traceback (most recent call last):
  File "C:\Users\Reymart De Lara\Desktop\WinMacOS\src\ui\monthly_report.py", line 305, in <lambda>
    btn.clicked.connect(lambda _, key=f"{metric_name}:{label}": self._on_toggle_change(key))
                                                                ~~~~~~~~~~~~~~~~~~~~~~^^^^^
  File "C:\Users\Reymart De Lara\Desktop\WinMacOS\src\ui\monthly_report.py", line 361, in _on_toggle_change
    self.refresh_report()
    ~~~~~~~~~~~~~~~~~~~^^
  File "C:\Users\Reymart De Lara\Desktop\WinMacOS\src\ui\monthly_report.py", line 544, in refresh_report
    report = self._build_month_report(month_key, self.cpu_chart.mode)
  File "C:\Users\Reymart De Lara\Desktop\WinMacOS\src\ui\monthly_report.py", line 604, in _build_month_report
    day_values = defaultdict(lambda: {"cpu": defaultdict(list), "asp": defaultdict(list)})
                 ^^^^^^^^^^^
NameError: name 'defaultdict' is not defined

--- UNHANDLED EXCEPTION ---
Traceback (most recent call last):
  File "C:\Users\Reymart De Lara\Desktop\WinMacOS\src\ui\monthly_report.py", line 305, in <lambda>
    btn.clicked.connect(lambda _, key=f"{metric_name}:{label}": self._on_toggle_change(key))
                                                                ~~~~~~~~~~~~~~~~~~~~~~^^^^^
  File "C:\Users\Reymart De Lara\Desktop\WinMacOS\src\ui\monthly_report.py", line 361, in _on_toggle_change
    self.refresh_report()
    ~~~~~~~~~~~~~~~~~~~^^
  File "C:\Users\Reymart De Lara\Desktop\WinMacOS\src\ui\monthly_report.py", line 544, in refresh_report
    report = self._build_month_report(month_key, self.cpu_chart.mode)
  File "C:\Users\Reymart De Lara\Desktop\WinMacOS\src\ui\monthly_report.py", line 604, in _build_month_report
    day_values = defaultdict(lambda: {"cpu": defaultdict(list), "asp": defaultdict(list)})
                 ^^^^^^^^^^^
NameError: name 'defaultdict' is not defined

--- UNHANDLED EXCEPTION ---
Traceback (most recent call last):
  File "C:\Users\Reymart De Lara\Desktop\WinMacOS\src\ui\monthly_report.py", line 305, in <lambda>
    btn.clicked.connect(lambda _, key=f"{metric_name}:{label}": self._on_toggle_change(key))
                                                                ~~~~~~~~~~~~~~~~~~~~~~^^^^^
  File "C:\Users\Reymart De Lara\Desktop\WinMacOS\src\ui\monthly_report.py", line 361, in _on_toggle_change
    self.refresh_report()
    ~~~~~~~~~~~~~~~~~~~^^
  File "C:\Users\Reymart De Lara\Desktop\WinMacOS\src\ui\monthly_report.py", line 544, in refresh_report
    report = self._build_month_report(month_key, self.cpu_chart.mode)
  File "C:\Users\Reymart De Lara\Desktop\WinMacOS\src\ui\monthly_report.py", line 604, in _build_month_report
    day_values = defaultdict(lambda: {"cpu": defaultdict(list), "asp": defaultdict(list)})
                 ^^^^^^^^^^^
NameError: name 'defaultdict' is not defined

--- UNHANDLED EXCEPTION ---
Traceback (most recent call last):
  File "C:\Users\Reymart De Lara\Desktop\WinMacOS\src\ui\monthly_report.py", line 305, in <lambda>
    btn.clicked.connect(lambda _, key=f"{metric_name}:{label}": self._on_toggle_change(key))
                                                                ~~~~~~~~~~~~~~~~~~~~~~^^^^^
  File "C:\Users\Reymart De Lara\Desktop\WinMacOS\src\ui\monthly_report.py", line 361, in _on_toggle_change
    self.refresh_report()
    ~~~~~~~~~~~~~~~~~~~^^
  File "C:\Users\Reymart De Lara\Desktop\WinMacOS\src\ui\monthly_report.py", line 544, in refresh_report
    report = self._build_month_report(month_key, self.cpu_chart.mode)
  File "C:\Users\Reymart De Lara\Desktop\WinMacOS\src\ui\monthly_report.py", line 604, in _build_month_report
    day_values = defaultdict(lambda: {"cpu": defaultdict(list), "asp": defaultdict(list)})
                 ^^^^^^^^^^^
NameError: name 'defaultdict' is not defined

--- UNHANDLED EXCEPTION ---
Traceback (most recent call last):
  File "C:\Users\Reymart De Lara\Desktop\WinMacOS\src\ui\monthly_report.py", line 305, in <lambda>
    btn.clicked.connect(lambda _, key=f"{metric_name}:{label}": self._on_toggle_change(key))
                                                                ~~~~~~~~~~~~~~~~~~~~~~^^^^^
  File "C:\Users\Reymart De Lara\Desktop\WinMacOS\src\ui\monthly_report.py", line 361, in _on_toggle_change
    self.refresh_report()
    ~~~~~~~~~~~~~~~~~~~^^
  File "C:\Users\Reymart De Lara\Desktop\WinMacOS\src\ui\monthly_report.py", line 544, in refresh_report
    report = self._build_month_report(month_key, self.cpu_chart.mode)
  File "C:\Users\Reymart De Lara\Desktop\WinMacOS\src\ui\monthly_report.py", line 604, in _build_month_report
    day_values = defaultdict(lambda: {"cpu": defaultdict(list), "asp": defaultdict(list)})
                 ^^^^^^^^^^^
NameError: name 'defaultdict' is not defined

--- UNHANDLED EXCEPTION ---
Traceback (most recent call last):
  File "C:\Users\Reymart De Lara\Desktop\WinMacOS\src\ui\monthly_report.py", line 305, in <lambda>
    btn.clicked.connect(lambda _, key=f"{metric_name}:{label}": self._on_toggle_change(key))
                                                                ~~~~~~~~~~~~~~~~~~~~~~^^^^^
  File "C:\Users\Reymart De Lara\Desktop\WinMacOS\src\ui\monthly_report.py", line 361, in _on_toggle_change
    self.refresh_report()
    ~~~~~~~~~~~~~~~~~~~^^
  File "C:\Users\Reymart De Lara\Desktop\WinMacOS\src\ui\monthly_report.py", line 544, in refresh_report
    report = self._build_month_report(month_key, self.cpu_chart.mode)
  File "C:\Users\Reymart De Lara\Desktop\WinMacOS\src\ui\monthly_report.py", line 604, in _build_month_report
    day_values = defaultdict(lambda: {"cpu": defaultdict(list), "asp": defaultdict(list)})
                 ^^^^^^^^^^^
NameError: name 'defaultdict' is not defined

--- UNHANDLED EXCEPTION ---
Traceback (most recent call last):
  File "C:\Users\Reymart De Lara\Desktop\WinMacOS\src\ui\monthly_report.py", line 305, in <lambda>
    btn.clicked.connect(lambda _, key=f"{metric_name}:{label}": self._on_toggle_change(key))
                                                                ~~~~~~~~~~~~~~~~~~~~~~^^^^^
  File "C:\Users\Reymart De Lara\Desktop\WinMacOS\src\ui\monthly_report.py", line 361, in _on_toggle_change
    self.refresh_report()
    ~~~~~~~~~~~~~~~~~~~^^
  File "C:\Users\Reymart De Lara\Desktop\WinMacOS\src\ui\monthly_report.py", line 544, in refresh_report
    report = self._build_month_report(month_key, self.cpu_chart.mode)
  File "C:\Users\Reymart De Lara\Desktop\WinMacOS\src\ui\monthly_report.py", line 604, in _build_month_report
    day_values = defaultdict(lambda: {"cpu": defaultdict(list), "asp": defaultdict(list)})
                 ^^^^^^^^^^^
NameError: name 'defaultdict' is not defined

--- UNHANDLED EXCEPTION ---
Traceback (most recent call last):
  File "C:\Users\Reymart De Lara\Desktop\WinMacOS\src\ui\monthly_report.py", line 305, in <lambda>
    btn.clicked.connect(lambda _, key=f"{metric_name}:{label}": self._on_toggle_change(key))
                                                                ~~~~~~~~~~~~~~~~~~~~~~^^^^^
  File "C:\Users\Reymart De Lara\Desktop\WinMacOS\src\ui\monthly_report.py", line 361, in _on_toggle_change
    self.refresh_report()
    ~~~~~~~~~~~~~~~~~~~^^
  File "C:\Users\Reymart De Lara\Desktop\WinMacOS\src\ui\monthly_report.py", line 544, in refresh_report
    report = self._build_month_report(month_key, self.cpu_chart.mode)
  File "C:\Users\Reymart De Lara\Desktop\WinMacOS\src\ui\monthly_report.py", line 604, in _build_month_report
    day_values = defaultdict(lambda: {"cpu": defaultdict(list), "asp": defaultdict(list)})
                 ^^^^^^^^^^^
NameError: name 'defaultdict' is not defined

--- UNHANDLED EXCEPTION ---
Traceback (most recent call last):
  File "C:\Users\Reymart De Lara\Desktop\WinMacOS\src\ui\monthly_report.py", line 544, in refresh_report
    report = self._build_month_report(month_key, self.cpu_chart.mode)
  File "C:\Users\Reymart De Lara\Desktop\WinMacOS\src\ui\monthly_report.py", line 604, in _build_month_report
    day_values = defaultdict(lambda: {"cpu": defaultdict(list), "asp": defaultdict(list)})
                 ^^^^^^^^^^^
NameError: name 'defaultdict' is not defined

--- UNHANDLED EXCEPTION ---
Traceback (most recent call last):
  File "C:\Users\Reymart De Lara\Desktop\WinMacOS\src\ui\monthly_report.py", line 305, in <lambda>
    btn.clicked.connect(lambda _, key=f"{metric_name}:{label}": self._on_toggle_change(key))
                                                                ~~~~~~~~~~~~~~~~~~~~~~^^^^^
  File "C:\Users\Reymart De Lara\Desktop\WinMacOS\src\ui\monthly_report.py", line 361, in _on_toggle_change
    self.refresh_report()
    ~~~~~~~~~~~~~~~~~~~^^
  File "C:\Users\Reymart De Lara\Desktop\WinMacOS\src\ui\monthly_report.py", line 544, in refresh_report
    report = self._build_month_report(month_key, self.cpu_chart.mode)
  File "C:\Users\Reymart De Lara\Desktop\WinMacOS\src\ui\monthly_report.py", line 604, in _build_month_report
    day_values = defaultdict(lambda: {"cpu": defaultdict(list), "asp": defaultdict(list)})
                 ^^^^^^^^^^^
NameError: name 'defaultdict' is not defined

--- UNHANDLED EXCEPTION ---
Traceback (most recent call last):
  File "C:\Users\Reymart De Lara\Desktop\WinMacOS\src\ui\monthly_report.py", line 305, in <lambda>
    btn.clicked.connect(lambda _, key=f"{metric_name}:{label}": self._on_toggle_change(key))
                                                                ~~~~~~~~~~~~~~~~~~~~~~^^^^^
  File "C:\Users\Reymart De Lara\Desktop\WinMacOS\src\ui\monthly_report.py", line 361, in _on_toggle_change
    self.refresh_report()
    ~~~~~~~~~~~~~~~~~~~^^
  File "C:\Users\Reymart De Lara\Desktop\WinMacOS\src\ui\monthly_report.py", line 544, in refresh_report
    report = self._build_month_report(month_key, self.cpu_chart.mode)
  File "C:\Users\Reymart De Lara\Desktop\WinMacOS\src\ui\monthly_report.py", line 604, in _build_month_report
    day_values = defaultdict(lambda: {"cpu": defaultdict(list), "asp": defaultdict(list)})
                 ^^^^^^^^^^^
NameError: name 'defaultdict' is not defined

--- UNHANDLED EXCEPTION ---
Traceback (most recent call last):
  File "C:\Users\Reymart De Lara\Desktop\WinMacOS\src\ui\monthly_report.py", line 544, in refresh_report
    report = self._build_month_report(month_key, self.cpu_chart.mode)
  File "C:\Users\Reymart De Lara\Desktop\WinMacOS\src\ui\monthly_report.py", line 604, in _build_month_report
    day_values = defaultdict(lambda: {"cpu": defaultdict(list), "asp": defaultdict(list)})
                 ^^^^^^^^^^^
NameError: name 'defaultdict' is not defined

--- UNHANDLED EXCEPTION ---
Traceback (most recent call last):
  File "C:\Users\Reymart De Lara\Desktop\WinMacOS\src\ui\monthly_report.py", line 544, in refresh_report
    report = self._build_month_report(month_key, self.cpu_chart.mode)
  File "C:\Users\Reymart De Lara\Desktop\WinMacOS\src\ui\monthly_report.py", line 604, in _build_month_report
    day_values = defaultdict(lambda: {"cpu": defaultdict(list), "asp": defaultdict(list)})
                 ^^^^^^^^^^^
NameError: name 'defaultdict' is not defined

--- UNHANDLED EXCEPTION ---
Traceback (most recent call last):
  File "C:\Users\Reymart De Lara\Desktop\WinMacOS\src\ui\monthly_report.py", line 305, in <lambda>
    btn.clicked.connect(lambda _, key=f"{metric_name}:{label}": self._on_toggle_change(key))
                                                                ~~~~~~~~~~~~~~~~~~~~~~^^^^^
  File "C:\Users\Reymart De Lara\Desktop\WinMacOS\src\ui\monthly_report.py", line 361, in _on_toggle_change
    self.refresh_report()
    ~~~~~~~~~~~~~~~~~~~^^
  File "C:\Users\Reymart De Lara\Desktop\WinMacOS\src\ui\monthly_report.py", line 544, in refresh_report
    report = self._build_month_report(month_key, self.cpu_chart.mode)
  File "C:\Users\Reymart De Lara\Desktop\WinMacOS\src\ui\monthly_report.py", line 604, in _build_month_report
    day_values = defaultdict(lambda: {"cpu": defaultdict(list), "asp": defaultdict(list)})
                 ^^^^^^^^^^^
NameError: name 'defaultdict' is not defined

--- UNHANDLED EXCEPTION ---
Traceback (most recent call last):
  File "C:\Users\Reymart De Lara\Desktop\WinMacOS\src\ui\monthly_report.py", line 544, in refresh_report
    report = self._build_month_report(month_key, self.cpu_chart.mode)
  File "C:\Users\Reymart De Lara\Desktop\WinMacOS\src\ui\monthly_report.py", line 604, in _build_month_report
    day_values = defaultdict(lambda: {"cpu": defaultdict(list), "asp": defaultdict(list)})
                 ^^^^^^^^^^^
NameError: name 'defaultdict' is not defined

--- UNHANDLED EXCEPTION ---
Traceback (most recent call last):
  File "C:\Users\Reymart De Lara\Desktop\WinMacOS\src\ui\monthly_report.py", line 544, in refresh_report
    report = self._build_month_report(month_key, self.cpu_chart.mode)
  File "C:\Users\Reymart De Lara\Desktop\WinMacOS\src\ui\monthly_report.py", line 604, in _build_month_report
    day_values = defaultdict(lambda: {"cpu": defaultdict(list), "asp": defaultdict(list)})
                 ^^^^^^^^^^^
NameError: name 'defaultdict' is not defined

--- UNHANDLED EXCEPTION ---
Traceback (most recent call last):
  File "C:\Users\Reymart De Lara\Desktop\WinMacOS\src\ui\monthly_report.py", line 544, in refresh_report
    report = self._build_month_report(month_key, self.cpu_chart.mode)
  File "C:\Users\Reymart De Lara\Desktop\WinMacOS\src\ui\monthly_report.py", line 604, in _build_month_report
    day_values = defaultdict(lambda: {"cpu": defaultdict(list), "asp": defaultdict(list)})
                 ^^^^^^^^^^^
NameError: name 'defaultdict' is not defined

--- UNHANDLED EXCEPTION ---
Traceback (most recent call last):
  File "C:\Users\Reymart De Lara\Desktop\WinMacOS\src\ui\monthly_report.py", line 544, in refresh_report
    report = self._build_month_report(month_key, self.cpu_chart.mode)
  File "C:\Users\Reymart De Lara\Desktop\WinMacOS\src\ui\monthly_report.py", line 604, in _build_month_report
    day_values = defaultdict(lambda: {"cpu": defaultdict(list), "asp": defaultdict(list)})
                 ^^^^^^^^^^^
NameError: name 'defaultdict' is not defined

--- UNHANDLED EXCEPTION ---
Traceback (most recent call last):
  File "C:\Users\Reymart De Lara\Desktop\WinMacOS\src\ui\monthly_report.py", line 544, in refresh_report
    report = self._build_month_report(month_key, self.cpu_chart.mode)
  File "C:\Users\Reymart De Lara\Desktop\WinMacOS\src\ui\monthly_report.py", line 604, in _build_month_report
    day_values = defaultdict(lambda: {"cpu": defaultdict(list), "asp": defaultdict(list)})
                 ^^^^^^^^^^^
NameError: name 'defaultdict' is not defined

--- UNHANDLED EXCEPTION ---
Traceback (most recent call last):
  File "C:\Users\Reymart De Lara\Desktop\WinMacOS\src\ui\monthly_report.py", line 305, in <lambda>
    btn.clicked.connect(lambda _, key=f"{metric_name}:{label}": self._on_toggle_change(key))
                                                                ~~~~~~~~~~~~~~~~~~~~~~^^^^^
  File "C:\Users\Reymart De Lara\Desktop\WinMacOS\src\ui\monthly_report.py", line 361, in _on_toggle_change
    self.refresh_report()
    ~~~~~~~~~~~~~~~~~~~^^
  File "C:\Users\Reymart De Lara\Desktop\WinMacOS\src\ui\monthly_report.py", line 544, in refresh_report
    report = self._build_month_report(month_key, self.cpu_chart.mode)
  File "C:\Users\Reymart De Lara\Desktop\WinMacOS\src\ui\monthly_report.py", line 604, in _build_month_report
    day_values = defaultdict(lambda: {"cpu": defaultdict(list), "asp": defaultdict(list)})
                 ^^^^^^^^^^^
NameError: name 'defaultdict' is not defined

--- UNHANDLED EXCEPTION ---
Traceback (most recent call last):
  File "C:\Users\Reymart De Lara\Desktop\WinMacOS\src\ui\monthly_report.py", line 305, in <lambda>
    btn.clicked.connect(lambda _, key=f"{metric_name}:{label}": self._on_toggle_change(key))
                                                                ~~~~~~~~~~~~~~~~~~~~~~^^^^^
  File "C:\Users\Reymart De Lara\Desktop\WinMacOS\src\ui\monthly_report.py", line 361, in _on_toggle_change
    self.refresh_report()
    ~~~~~~~~~~~~~~~~~~~^^
  File "C:\Users\Reymart De Lara\Desktop\WinMacOS\src\ui\monthly_report.py", line 544, in refresh_report
    report = self._build_month_report(month_key, self.cpu_chart.mode)
  File "C:\Users\Reymart De Lara\Desktop\WinMacOS\src\ui\monthly_report.py", line 604, in _build_month_report
    day_values = defaultdict(lambda: {"cpu": defaultdict(list), "asp": defaultdict(list)})
                 ^^^^^^^^^^^
NameError: name 'defaultdict' is not defined

--- UNHANDLED EXCEPTION ---
Traceback (most recent call last):
  File "C:\Users\Reymart De Lara\Desktop\WinMacOS\src\ui\monthly_report.py", line 305, in <lambda>
    btn.clicked.connect(lambda _, key=f"{metric_name}:{label}": self._on_toggle_change(key))
                                                                ~~~~~~~~~~~~~~~~~~~~~~^^^^^
  File "C:\Users\Reymart De Lara\Desktop\WinMacOS\src\ui\monthly_report.py", line 361, in _on_toggle_change
    self.refresh_report()
    ~~~~~~~~~~~~~~~~~~~^^
  File "C:\Users\Reymart De Lara\Desktop\WinMacOS\src\ui\monthly_report.py", line 544, in refresh_report
    report = self._build_month_report(month_key, self.cpu_chart.mode)
  File "C:\Users\Reymart De Lara\Desktop\WinMacOS\src\ui\monthly_report.py", line 604, in _build_month_report
    day_values = defaultdict(lambda: {"cpu": defaultdict(list), "asp": defaultdict(list)})
                 ^^^^^^^^^^^
NameError: name 'defaultdict' is not defined

--- UNHANDLED EXCEPTION ---
Traceback (most recent call last):
  File "C:\Users\Reymart De Lara\Desktop\WinMacOS\src\ui\monthly_report.py", line 305, in <lambda>
    btn.clicked.connect(lambda _, key=f"{metric_name}:{label}": self._on_toggle_change(key))
                                                                ~~~~~~~~~~~~~~~~~~~~~~^^^^^
  File "C:\Users\Reymart De Lara\Desktop\WinMacOS\src\ui\monthly_report.py", line 361, in _on_toggle_change
    self.refresh_report()
    ~~~~~~~~~~~~~~~~~~~^^
  File "C:\Users\Reymart De Lara\Desktop\WinMacOS\src\ui\monthly_report.py", line 544, in refresh_report
    report = self._build_month_report(month_key, self.cpu_chart.mode)
  File "C:\Users\Reymart De Lara\Desktop\WinMacOS\src\ui\monthly_report.py", line 604, in _build_month_report
    day_values = defaultdict(lambda: {"cpu": defaultdict(list), "asp": defaultdict(list)})
                 ^^^^^^^^^^^
NameError: name 'defaultdict' is not defined

--- UNHANDLED EXCEPTION ---
Traceback (most recent call last):
  File "C:\Users\Reymart De Lara\Desktop\WinMacOS\src\ui\monthly_report.py", line 305, in <lambda>
    btn.clicked.connect(lambda _, key=f"{metric_name}:{label}": self._on_toggle_change(key))
                                                                ~~~~~~~~~~~~~~~~~~~~~~^^^^^
  File "C:\Users\Reymart De Lara\Desktop\WinMacOS\src\ui\monthly_report.py", line 361, in _on_toggle_change
    self.refresh_report()
    ~~~~~~~~~~~~~~~~~~~^^
  File "C:\Users\Reymart De Lara\Desktop\WinMacOS\src\ui\monthly_report.py", line 544, in refresh_report
    report = self._build_month_report(month_key, self.cpu_chart.mode)
  File "C:\Users\Reymart De Lara\Desktop\WinMacOS\src\ui\monthly_report.py", line 604, in _build_month_report
    day_values = defaultdict(lambda: {"cpu": defaultdict(list), "asp": defaultdict(list)})
                 ^^^^^^^^^^^
NameError: name 'defaultdict' is not defined

--- UNHANDLED EXCEPTION ---
Traceback (most recent call last):
  File "C:\Users\Reymart De Lara\Desktop\WinMacOS\src\ui\monthly_report.py", line 305, in <lambda>
    btn.clicked.connect(lambda _, key=f"{metric_name}:{label}": self._on_toggle_change(key))
                                                                ~~~~~~~~~~~~~~~~~~~~~~^^^^^
  File "C:\Users\Reymart De Lara\Desktop\WinMacOS\src\ui\monthly_report.py", line 361, in _on_toggle_change
    self.refresh_report()
    ~~~~~~~~~~~~~~~~~~~^^
  File "C:\Users\Reymart De Lara\Desktop\WinMacOS\src\ui\monthly_report.py", line 544, in refresh_report
    report = self._build_month_report(month_key, self.cpu_chart.mode)
  File "C:\Users\Reymart De Lara\Desktop\WinMacOS\src\ui\monthly_report.py", line 604, in _build_month_report
    day_values = defaultdict(lambda: {"cpu": defaultdict(list), "asp": defaultdict(list)})
                 ^^^^^^^^^^^
NameError: name 'defaultdict' is not defined

--- UNHANDLED EXCEPTION ---
Traceback (most recent call last):
  File "C:\Users\Reymart De Lara\Desktop\WinMacOS\src\ui\monthly_report.py", line 305, in <lambda>
    btn.clicked.connect(lambda _, key=f"{metric_name}:{label}": self._on_toggle_change(key))
                                                                ~~~~~~~~~~~~~~~~~~~~~~^^^^^
  File "C:\Users\Reymart De Lara\Desktop\WinMacOS\src\ui\monthly_report.py", line 361, in _on_toggle_change
    self.refresh_report()
    ~~~~~~~~~~~~~~~~~~~^^
  File "C:\Users\Reymart De Lara\Desktop\WinMacOS\src\ui\monthly_report.py", line 544, in refresh_report
    report = self._build_month_report(month_key, self.cpu_chart.mode)
  File "C:\Users\Reymart De Lara\Desktop\WinMacOS\src\ui\monthly_report.py", line 604, in _build_month_report
    day_values = defaultdict(lambda: {"cpu": defaultdict(list), "asp": defaultdict(list)})
                 ^^^^^^^^^^^
NameError: name 'defaultdict' is not defined

--- UNHANDLED EXCEPTION ---
Traceback (most recent call last):
  File "C:\Users\Reymart De Lara\Desktop\WinMacOS\src\ui\monthly_report.py", line 305, in <lambda>
    btn.clicked.connect(lambda _, key=f"{metric_name}:{label}": self._on_toggle_change(key))
                                                                ~~~~~~~~~~~~~~~~~~~~~~^^^^^
  File "C:\Users\Reymart De Lara\Desktop\WinMacOS\src\ui\monthly_report.py", line 361, in _on_toggle_change
    self.refresh_report()
    ~~~~~~~~~~~~~~~~~~~^^
  File "C:\Users\Reymart De Lara\Desktop\WinMacOS\src\ui\monthly_report.py", line 544, in refresh_report
    report = self._build_month_report(month_key, self.cpu_chart.mode)
  File "C:\Users\Reymart De Lara\Desktop\WinMacOS\src\ui\monthly_report.py", line 604, in _build_month_report
    day_values = defaultdict(lambda: {"cpu": defaultdict(list), "asp": defaultdict(list)})
                 ^^^^^^^^^^^
NameError: name 'defaultdict' is not defined

--- UNHANDLED EXCEPTION ---
Traceback (most recent call last):
  File "C:\Users\Reymart De Lara\Desktop\WinMacOS\src\ui\monthly_report.py", line 305, in <lambda>
    btn.clicked.connect(lambda _, key=f"{metric_name}:{label}": self._on_toggle_change(key))
                                                                ~~~~~~~~~~~~~~~~~~~~~~^^^^^
  File "C:\Users\Reymart De Lara\Desktop\WinMacOS\src\ui\monthly_report.py", line 361, in _on_toggle_change
    self.refresh_report()
    ~~~~~~~~~~~~~~~~~~~^^
  File "C:\Users\Reymart De Lara\Desktop\WinMacOS\src\ui\monthly_report.py", line 544, in refresh_report
    report = self._build_month_report(month_key, self.cpu_chart.mode)
  File "C:\Users\Reymart De Lara\Desktop\WinMacOS\src\ui\monthly_report.py", line 604, in _build_month_report
    day_values = defaultdict(lambda: {"cpu": defaultdict(list), "asp": defaultdict(list)})
                 ^^^^^^^^^^^
NameError: name 'defaultdict' is not defined

--- UNHANDLED EXCEPTION ---
Traceback (most recent call last):
  File "C:\Users\Reymart De Lara\Desktop\WinMacOS\src\ui\monthly_report.py", line 305, in <lambda>
    btn.clicked.connect(lambda _, key=f"{metric_name}:{label}": self._on_toggle_change(key))
                                                                ~~~~~~~~~~~~~~~~~~~~~~^^^^^
  File "C:\Users\Reymart De Lara\Desktop\WinMacOS\src\ui\monthly_report.py", line 361, in _on_toggle_change
    self.refresh_report()
    ~~~~~~~~~~~~~~~~~~~^^
  File "C:\Users\Reymart De Lara\Desktop\WinMacOS\src\ui\monthly_report.py", line 544, in refresh_report
    report = self._build_month_report(month_key, self.cpu_chart.mode)
  File "C:\Users\Reymart De Lara\Desktop\WinMacOS\src\ui\monthly_report.py", line 604, in _build_month_report
    day_values = defaultdict(lambda: {"cpu": defaultdict(list), "asp": defaultdict(list)})
                 ^^^^^^^^^^^
NameError: name 'defaultdict' is not defined

--- UNHANDLED EXCEPTION ---
Traceback (most recent call last):
  File "C:\Users\Reymart De Lara\Desktop\WinMacOS\src\ui\monthly_report.py", line 305, in <lambda>
    btn.clicked.connect(lambda _, key=f"{metric_name}:{label}": self._on_toggle_change(key))
                                                                ~~~~~~~~~~~~~~~~~~~~~~^^^^^
  File "C:\Users\Reymart De Lara\Desktop\WinMacOS\src\ui\monthly_report.py", line 361, in _on_toggle_change
    self.refresh_report()
    ~~~~~~~~~~~~~~~~~~~^^
  File "C:\Users\Reymart De Lara\Desktop\WinMacOS\src\ui\monthly_report.py", line 544, in refresh_report
    report = self._build_month_report(month_key, self.cpu_chart.mode)
  File "C:\Users\Reymart De Lara\Desktop\WinMacOS\src\ui\monthly_report.py", line 604, in _build_month_report
    day_values = defaultdict(lambda: {"cpu": defaultdict(list), "asp": defaultdict(list)})
                 ^^^^^^^^^^^
NameError: name 'defaultdict' is not defined

--- UNHANDLED EXCEPTION ---
Traceback (most recent call last):
  File "C:\Users\Reymart De Lara\Desktop\WinMacOS\src\ui\monthly_report.py", line 305, in <lambda>
    btn.clicked.connect(lambda _, key=f"{metric_name}:{label}": self._on_toggle_change(key))
                                                                ~~~~~~~~~~~~~~~~~~~~~~^^^^^
  File "C:\Users\Reymart De Lara\Desktop\WinMacOS\src\ui\monthly_report.py", line 361, in _on_toggle_change
    self.refresh_report()
    ~~~~~~~~~~~~~~~~~~~^^
  File "C:\Users\Reymart De Lara\Desktop\WinMacOS\src\ui\monthly_report.py", line 544, in refresh_report
    report = self._build_month_report(month_key, self.cpu_chart.mode)
  File "C:\Users\Reymart De Lara\Desktop\WinMacOS\src\ui\monthly_report.py", line 604, in _build_month_report
    day_values = defaultdict(lambda: {"cpu": defaultdict(list), "asp": defaultdict(list)})
                 ^^^^^^^^^^^
NameError: name 'defaultdict' is not defined

--- UNHANDLED EXCEPTION ---
Traceback (most recent call last):
  File "C:\Users\Reymart De Lara\Desktop\WinMacOS\src\ui\monthly_report.py", line 305, in <lambda>
    btn.clicked.connect(lambda _, key=f"{metric_name}:{label}": self._on_toggle_change(key))
                                                                ~~~~~~~~~~~~~~~~~~~~~~^^^^^
  File "C:\Users\Reymart De Lara\Desktop\WinMacOS\src\ui\monthly_report.py", line 361, in _on_toggle_change
    self.refresh_report()
    ~~~~~~~~~~~~~~~~~~~^^
  File "C:\Users\Reymart De Lara\Desktop\WinMacOS\src\ui\monthly_report.py", line 544, in refresh_report
    report = self._build_month_report(month_key, self.cpu_chart.mode)
  File "C:\Users\Reymart De Lara\Desktop\WinMacOS\src\ui\monthly_report.py", line 604, in _build_month_report
    day_values = defaultdict(lambda: {"cpu": defaultdict(list), "asp": defaultdict(list)})
                 ^^^^^^^^^^^
NameError: name 'defaultdict' is not defined

--- UNHANDLED EXCEPTION ---
Traceback (most recent call last):
  File "C:\Users\Reymart De Lara\Desktop\WinMacOS\src\ui\monthly_report.py", line 305, in <lambda>
    btn.clicked.connect(lambda _, key=f"{metric_name}:{label}": self._on_toggle_change(key))
                                                                ~~~~~~~~~~~~~~~~~~~~~~^^^^^
  File "C:\Users\Reymart De Lara\Desktop\WinMacOS\src\ui\monthly_report.py", line 361, in _on_toggle_change
    self.refresh_report()
    ~~~~~~~~~~~~~~~~~~~^^
  File "C:\Users\Reymart De Lara\Desktop\WinMacOS\src\ui\monthly_report.py", line 544, in refresh_report
    report = self._build_month_report(month_key, self.cpu_chart.mode)
  File "C:\Users\Reymart De Lara\Desktop\WinMacOS\src\ui\monthly_report.py", line 604, in _build_month_report
    day_values = defaultdict(lambda: {"cpu": defaultdict(list), "asp": defaultdict(list)})
                 ^^^^^^^^^^^
NameError: name 'defaultdict' is not defined

--- UNHANDLED EXCEPTION ---
Traceback (most recent call last):
  File "C:\Users\Reymart De Lara\Desktop\WinMacOS\src\ui\monthly_report.py", line 305, in <lambda>
    btn.clicked.connect(lambda _, key=f"{metric_name}:{label}": self._on_toggle_change(key))
                                                                ~~~~~~~~~~~~~~~~~~~~~~^^^^^
  File "C:\Users\Reymart De Lara\Desktop\WinMacOS\src\ui\monthly_report.py", line 361, in _on_toggle_change
    self.refresh_report()
    ~~~~~~~~~~~~~~~~~~~^^
  File "C:\Users\Reymart De Lara\Desktop\WinMacOS\src\ui\monthly_report.py", line 544, in refresh_report
    report = self._build_month_report(month_key, self.cpu_chart.mode)
  File "C:\Users\Reymart De Lara\Desktop\WinMacOS\src\ui\monthly_report.py", line 604, in _build_month_report
    day_values = defaultdict(lambda: {"cpu": defaultdict(list), "asp": defaultdict(list)})
                 ^^^^^^^^^^^
NameError: name 'defaultdict' is not defined

--- UNHANDLED EXCEPTION ---
Traceback (most recent call last):
  File "C:\Users\Reymart De Lara\Desktop\WinMacOS\src\ui\monthly_report.py", line 305, in <lambda>
    btn.clicked.connect(lambda _, key=f"{metric_name}:{label}": self._on_toggle_change(key))
                                                                ~~~~~~~~~~~~~~~~~~~~~~^^^^^
  File "C:\Users\Reymart De Lara\Desktop\WinMacOS\src\ui\monthly_report.py", line 361, in _on_toggle_change
    self.refresh_report()
    ~~~~~~~~~~~~~~~~~~~^^
  File "C:\Users\Reymart De Lara\Desktop\WinMacOS\src\ui\monthly_report.py", line 544, in refresh_report
    report = self._build_month_report(month_key, self.cpu_chart.mode)
  File "C:\Users\Reymart De Lara\Desktop\WinMacOS\src\ui\monthly_report.py", line 604, in _build_month_report
    day_values = defaultdict(lambda: {"cpu": defaultdict(list), "asp": defaultdict(list)})
                 ^^^^^^^^^^^
NameError: name 'defaultdict' is not defined

--- UNHANDLED EXCEPTION ---
Traceback (most recent call last):
  File "C:\Users\Reymart De Lara\Desktop\WinMacOS\src\ui\monthly_report.py", line 544, in refresh_report
    report = self._build_month_report(month_key, self.cpu_chart.mode)
  File "C:\Users\Reymart De Lara\Desktop\WinMacOS\src\ui\monthly_report.py", line 604, in _build_month_report
    day_values = defaultdict(lambda: {"cpu": defaultdict(list), "asp": defaultdict(list)})
                 ^^^^^^^^^^^
NameError: name 'defaultdict' is not defined

--- UNHANDLED EXCEPTION ---
Traceback (most recent call last):
  File "C:\Users\Reymart De Lara\Desktop\WinMacOS\src\ui\monthly_report.py", line 544, in refresh_report
    report = self._build_month_report(month_key, self.cpu_chart.mode)
  File "C:\Users\Reymart De Lara\Desktop\WinMacOS\src\ui\monthly_report.py", line 604, in _build_month_report
    day_values = defaultdict(lambda: {"cpu": defaultdict(list), "asp": defaultdict(list)})
                 ^^^^^^^^^^^
NameError: name 'defaultdict' is not defined
aaa
--- UNHANDLED EXCEPTION ---
Traceback (most recent call last):
  File "C:\Users\Reymart De Lara\Desktop\WinMacOS\src\worker.py", line 748, in run
    self.signals.server_fetched.emit(result)
    ^^^^^^^^^^^^^^^^^^^^^^^^^^^
RuntimeError: wrapped C/C++ object of type LparWorkerSignals has been deleted

--- UNHANDLED EXCEPTION ---
Traceback (most recent call last):
  File "C:\Users\Reymart De Lara\Desktop\WinMacOS\src\worker.py", line 711, in run
    self.signals.server_fetched.emit(result)
    ^^^^^^^^^^^^^^^^^^^^^^^^^^^
RuntimeError: wrapped C/C++ object of type LparWorkerSignals has been deleted

--- UNHANDLED EXCEPTION ---
Traceback (most recent call last):
  File "C:\Users\Reymart De Lara\Desktop\WinMacOS\src\worker.py", line 711, in run
    self.signals.server_fetched.emit(result)
    ^^^^^^^^^^^^^^^^^^^^^^^^^^^
RuntimeError: wrapped C/C++ object of type LparWorkerSignals has been deleted

--- UNHANDLED EXCEPTION ---
Traceback (most recent call last):
  File "C:\Users\Reymart De Lara\Desktop\WinMacOS\src\worker.py", line 711, in run
    self.signals.server_fetched.emit(result)
    ^^^^^^^^^^^^^^^^^^^^^^^^^^^
RuntimeError: wrapped C/C++ object of type LparWorkerSignals has been deleted

--- UNHANDLED EXCEPTION ---
Traceback (most recent call last):
  File "C:\Users\Reymart De Lara\Desktop\WinMacOS\src\worker.py", line 711, in run
    self.signals.server_fetched.emit(result)
    ^^^^^^^^^^^^^^^^^^^^^^^^^^^
RuntimeError: wrapped C/C++ object of type LparWorkerSignals has been deleted

--- UNHANDLED EXCEPTION ---
Traceback (most recent call last):
  File "C:\Users\Reymart De Lara\Desktop\WinMacOS\src\worker.py", line 711, in run
    self.signals.server_fetched.emit(result)
    ^^^^^^^^^^^^^^^^^^^^^^^^^^^
RuntimeError: wrapped C/C++ object of type LparWorkerSignals has been deleted

--- UNHANDLED EXCEPTION ---
Traceback (most recent call last):
  File "C:\Users\Reymart De Lara\Desktop\WinMacOS\src\worker.py", line 711, in run
    self.signals.server_fetched.emit(result)
    ^^^^^^^^^^^^^^^^^^^^^^^^^^^
RuntimeError: wrapped C/C++ object of type LparWorkerSignals has been deleted

--- UNHANDLED EXCEPTION ---
Traceback (most recent call last):
  File "C:\Users\Reymart De Lara\Desktop\WinMacOS\src\worker.py", line 711, in run
    self.signals.server_fetched.emit(result)
    ^^^^^^^^^^^^^^^^^^^^^^^^^^^
RuntimeError: wrapped C/C++ object of type LparWorkerSignals has been deleted

--- UNHANDLED EXCEPTION ---
Traceback (most recent call last):
  File "C:\Users\Reymart De Lara\Desktop\WinMacOS\src\worker.py", line 711, in run
    self.signals.server_fetched.emit(result)
    ^^^^^^^^^^^^^^^^^^^^^^^^^^^
RuntimeError: wrapped C/C++ object of type LparWorkerSignals has been deleted

--- UNHANDLED EXCEPTION ---
Traceback (most recent call last):
  File "C:\Users\Reymart De Lara\Desktop\WinMacOS\src\worker.py", line 711, in run
    self.signals.server_fetched.emit(result)
    ^^^^^^^^^^^^^^^^^^^^^^^^^^^
RuntimeError: wrapped C/C++ object of type LparWorkerSignals has been deleted

--- UNHANDLED EXCEPTION ---
Traceback (most recent call last):
  File "C:\Users\Reymart De Lara\Desktop\WinMacOS\src\ui\main_window.py", line 1473, in toggle_monitoring
    self.start_monitoring()
    ~~~~~~~~~~~~~~~~~~~~~^^
  File "C:\Users\Reymart De Lara\Desktop\WinMacOS\src\ui\main_window.py", line 1635, in start_monitoring
    self.refresh_widget.set_active_state(True)
    ^^^^^^^^^^^^^^^^^^^^^^^^^^^^^^^^^^^^
AttributeError: 'RefreshStatusWidget' object has no attribute 'set_active_state'

--- UNHANDLED EXCEPTION ---
Traceback (most recent call last):
  File "C:\Users\Reymart De Lara\Desktop\WinMacOS\src\ui\main_window.py", line 1475, in toggle_monitoring
    self.stop_monitoring()
    ~~~~~~~~~~~~~~~~~~~~^^
  File "C:\Users\Reymart De Lara\Desktop\WinMacOS\src\ui\main_window.py", line 1670, in stop_monitoring
    self.refresh_widget.set_active_state(False)
    ^^^^^^^^^^^^^^^^^^^^^^^^^^^^^^^^^^^^
AttributeError: 'RefreshStatusWidget' object has no attribute 'set_active_state'

--- UNHANDLED EXCEPTION ---
Traceback (most recent call last):
  File "C:\Users\Reymart De Lara\Desktop\WinMacOS\src\ui\main_window.py", line 1473, in toggle_monitoring
    self.start_monitoring()
    ~~~~~~~~~~~~~~~~~~~~~^^
  File "C:\Users\Reymart De Lara\Desktop\WinMacOS\src\ui\main_window.py", line 1635, in start_monitoring
    self.refresh_widget.set_active_state(True)
    ^^^^^^^^^^^^^^^^^^^^^^^^^^^^^^^^^^^^
AttributeError: 'RefreshStatusWidget' object has no attribute 'set_active_state'

--- UNHANDLED EXCEPTION ---
Traceback (most recent call last):
  File "C:\Users\Reymart De Lara\Desktop\WinMacOS\src\ui\main_window.py", line 1475, in toggle_monitoring
    self.stop_monitoring()
    ~~~~~~~~~~~~~~~~~~~~^^
  File "C:\Users\Reymart De Lara\Desktop\WinMacOS\src\ui\main_window.py", line 1670, in stop_monitoring
    self.refresh_widget.set_active_state(False)
    ^^^^^^^^^^^^^^^^^^^^^^^^^^^^^^^^^^^^
AttributeError: 'RefreshStatusWidget' object has no attribute 'set_active_state'

--- UNHANDLED EXCEPTION ---
Traceback (most recent call last):
  File "C:\Users\Reymart De Lara\Desktop\WinMacOS\src\ui\main_window.py", line 1473, in toggle_monitoring
    self.start_monitoring()
    ~~~~~~~~~~~~~~~~~~~~~^^
  File "C:\Users\Reymart De Lara\Desktop\WinMacOS\src\ui\main_window.py", line 1635, in start_monitoring
    self.refresh_widget.set_active_state(True)
    ^^^^^^^^^^^^^^^^^^^^^^^^^^^^^^^^^^^^
AttributeError: 'RefreshStatusWidget' object has no attribute 'set_active_state'

--- UNHANDLED EXCEPTION ---
Traceback (most recent call last):
  File "C:\Users\Reymart De Lara\Desktop\WinMacOS\src\worker.py", line 692, in run
    _persist_and_emit(self, result)
    ~~~~~~~~~~~~~~~~~^^^^^^^^^^^^^^
  File "C:\Users\Reymart De Lara\Desktop\WinMacOS\src\worker.py", line 485, in _persist_and_emit
    runnable.signals.server_fetched.emit(result)
    ^^^^^^^^^^^^^^^^^^^^^^^^^^^^^^^
RuntimeError: wrapped C/C++ object of type LparWorkerSignals has been deleted

--- UNHANDLED EXCEPTION ---
Traceback (most recent call last):
  File "C:\Users\Reymart De Lara\Desktop\WinMacOS\src\worker.py", line 692, in run
    "config_key": self.server,
    ^^^^^^^^^^^^^^^^^^^^^^^
  File "C:\Users\Reymart De Lara\Desktop\WinMacOS\src\worker.py", line 485, in _persist_and_emit
    if persistence_status in ("saved", "already_recorded"):
    ^^^^^^^^^^^^^^^^^^^^^^^^^^^^^^^
RuntimeError: wrapped C/C++ object of type LparWorkerSignals has been deleted

--- UNHANDLED EXCEPTION ---
Traceback (most recent call last):
  File "C:\Users\Reymart De Lara\Desktop\WinMacOS\src\worker.py", line 692, in run
    "config_key": self.server,
    ^^^^^^^^^^^^^^^^^^^^^^^
  File "C:\Users\Reymart De Lara\Desktop\WinMacOS\src\worker.py", line 485, in _persist_and_emit
    if persistence_status in ("saved", "already_recorded"):
    ^^^^^^^^^^^^^^^^^^^^^^^^^^^^^^^
RuntimeError: wrapped C/C++ object of type LparWorkerSignals has been deleted

--- UNHANDLED EXCEPTION ---
Traceback (most recent call last):
  File "C:\Users\Reymart De Lara\Desktop\WinMacOS\src\worker.py", line 692, in run
    "config_key": self.server,
    ^^^^^^^^^^^^^^^^^^^^^^^
  File "C:\Users\Reymart De Lara\Desktop\WinMacOS\src\worker.py", line 485, in _persist_and_emit
    if persistence_status in ("saved", "already_recorded"):
    ^^^^^^^^^^^^^^^^^^^^^^^^^^^^^^^
RuntimeError: wrapped C/C++ object of type LparWorkerSignals has been deleted

--- UNHANDLED EXCEPTION ---
Traceback (most recent call last):
  File "C:\Users\Reymart De Lara\Desktop\WinMacOS\src\worker.py", line 692, in run
    "config_key": self.server,
    ^^^^^^^^^^^^^^^^^^^^^^^
  File "C:\Users\Reymart De Lara\Desktop\WinMacOS\src\worker.py", line 485, in _persist_and_emit
    if persistence_status in ("saved", "already_recorded"):
    ^^^^^^^^^^^^^^^^^^^^^^^^^^^^^^^
RuntimeError: wrapped C/C++ object of type LparWorkerSignals has been deleted

--- UNHANDLED EXCEPTION ---
Traceback (most recent call last):
  File "C:\Users\Reymart De Lara\Desktop\WinMacOS\src\worker.py", line 692, in run
    "config_key": self.server,
    ^^^^^^^^^^^^^^^^^^^^^^^
  File "C:\Users\Reymart De Lara\Desktop\WinMacOS\src\worker.py", line 485, in _persist_and_emit
    if persistence_status in ("saved", "already_recorded"):
    ^^^^^^^^^^^^^^^^^^^^^^^^^^^^^^^
RuntimeError: wrapped C/C++ object of type LparWorkerSignals has been deleted

--- UNHANDLED EXCEPTION ---
Traceback (most recent call last):
  File "C:\Users\Reymart De Lara\Desktop\WinMacOS\src\worker.py", line 692, in run
    "config_key": self.server,
    ^^^^^^^^^^^^^^^^^^^^^^^
  File "C:\Users\Reymart De Lara\Desktop\WinMacOS\src\worker.py", line 485, in _persist_and_emit
    if persistence_status in ("saved", "already_recorded"):
    ^^^^^^^^^^^^^^^^^^^^^^^^^^^^^^^
RuntimeError: wrapped C/C++ object of type LparWorkerSignals has been deleted

--- UNHANDLED EXCEPTION ---
Traceback (most recent call last):
  File "C:\Users\Reymart De Lara\Desktop\WinMacOS\src\worker.py", line 785, in run
    _persist_and_emit(self, result)
    ~~~~~~~~~~~~~~~~~^^^^^^^^^^^^^^
  File "C:\Users\Reymart De Lara\Desktop\WinMacOS\src\worker.py", line 544, in _persist_and_emit
    runnable.signals.server_fetched.emit(result)
    ^^^^^^^^^^^^^^^^^^^^^^^^^^^^^^^
RuntimeError: wrapped C/C++ object of type LparWorkerSignals has been deleted

--- UNHANDLED EXCEPTION ---
Traceback (most recent call last):
  File "C:\Users\Reymart De Lara\Desktop\WinMacOS\src\worker.py", line 785, in run
    _persist_and_emit(self, result)
    ~~~~~~~~~~~~~~~~~^^^^^^^^^^^^^^
  File "C:\Users\Reymart De Lara\Desktop\WinMacOS\src\worker.py", line 544, in _persist_and_emit
    runnable.signals.server_fetched.emit(result)
    ^^^^^^^^^^^^^^^^^^^^^^^^^^^^^^^
RuntimeError: wrapped C/C++ object of type LparWorkerSignals has been deleted

--- UNHANDLED EXCEPTION ---
Traceback (most recent call last):
  File "C:\Users\Reymart De Lara\Desktop\WinMacOS\src\worker.py", line 785, in run
    _persist_and_emit(self, result)
    ~~~~~~~~~~~~~~~~~^^^^^^^^^^^^^^
  File "C:\Users\Reymart De Lara\Desktop\WinMacOS\src\worker.py", line 544, in _persist_and_emit
    runnable.signals.server_fetched.emit(result)
    ^^^^^^^^^^^^^^^^^^^^^^^^^^^^^^^
RuntimeError: wrapped C/C++ object of type LparWorkerSignals has been deleted

--- UNHANDLED EXCEPTION ---
Traceback (most recent call last):
  File "C:\Users\Reymart De Lara\Desktop\WinMacOS\src\worker.py", line 785, in run
    _persist_and_emit(self, result)
    ~~~~~~~~~~~~~~~~~^^^^^^^^^^^^^^
  File "C:\Users\Reymart De Lara\Desktop\WinMacOS\src\worker.py", line 544, in _persist_and_emit
    runnable.signals.server_fetched.emit(result)
    ^^^^^^^^^^^^^^^^^^^^^^^^^^^^^^^
RuntimeError: wrapped C/C++ object of type LparWorkerSignals has been deleted

--- UNHANDLED EXCEPTION ---
Traceback (most recent call last):
  File "C:\Users\Reymart De Lara\Desktop\WinMacOS\src\worker.py", line 785, in run
    _persist_and_emit(self, result)
    ~~~~~~~~~~~~~~~~~^^^^^^^^^^^^^^
  File "C:\Users\Reymart De Lara\Desktop\WinMacOS\src\worker.py", line 544, in _persist_and_emit
    runnable.signals.server_fetched.emit(result)
    ^^^^^^^^^^^^^^^^^^^^^^^^^^^^^^^
RuntimeError: wrapped C/C++ object of type LparWorkerSignals has been deleted

--- UNHANDLED EXCEPTION ---
Traceback (most recent call last):
  File "C:\Users\Reymart De Lara\Desktop\WinMacOS\src\worker.py", line 785, in run
    _persist_and_emit(self, result)
    ~~~~~~~~~~~~~~~~~^^^^^^^^^^^^^^
  File "C:\Users\Reymart De Lara\Desktop\WinMacOS\src\worker.py", line 544, in _persist_and_emit
    runnable.signals.server_fetched.emit(result)
    ^^^^^^^^^^^^^^^^^^^^^^^^^^^^^^^
RuntimeError: wrapped C/C++ object of type LparWorkerSignals has been deleted

--- UNHANDLED EXCEPTION ---
Traceback (most recent call last):
  File "C:\Users\Reymart De Lara\Desktop\WinMacOS\src\worker.py", line 785, in run
    _persist_and_emit(self, result)
    ~~~~~~~~~~~~~~~~~^^^^^^^^^^^^^^
  File "C:\Users\Reymart De Lara\Desktop\WinMacOS\src\worker.py", line 544, in _persist_and_emit
    runnable.signals.server_fetched.emit(result)
    ^^^^^^^^^^^^^^^^^^^^^^^^^^^^^^^
RuntimeError: wrapped C/C++ object of type LparWorkerSignals has been deleted

--- UNHANDLED EXCEPTION ---
Traceback (most recent call last):
  File "C:\Users\Reymart De Lara\Desktop\WinMacOS\src\worker.py", line 785, in run
    _persist_and_emit(self, result)
    ~~~~~~~~~~~~~~~~~^^^^^^^^^^^^^^
  File "C:\Users\Reymart De Lara\Desktop\WinMacOS\src\worker.py", line 544, in _persist_and_emit
    runnable.signals.server_fetched.emit(result)
    ^^^^^^^^^^^^^^^^^^^^^^^^^^^^^^^
RuntimeError: wrapped C/C++ object of type LparWorkerSignals has been deleted

--- UNHANDLED EXCEPTION ---
Traceback (most recent call last):
  File "C:\Users\Reymart De Lara\Desktop\WinMacOS\src\worker.py", line 785, in run
    _persist_and_emit(self, result)
    ~~~~~~~~~~~~~~~~~^^^^^^^^^^^^^^
  File "C:\Users\Reymart De Lara\Desktop\WinMacOS\src\worker.py", line 544, in _persist_and_emit
    runnable.signals.server_fetched.emit(result)
    ^^^^^^^^^^^^^^^^^^^^^^^^^^^^^^^
RuntimeError: wrapped C/C++ object of type LparWorkerSignals has been deleted

--- UNHANDLED EXCEPTION ---
Traceback (most recent call last):
  File "C:\Users\Reymart De Lara\Desktop\WinMacOS\src\worker.py", line 785, in run
    _persist_and_emit(self, result)
    ~~~~~~~~~~~~~~~~~^^^^^^^^^^^^^^
  File "C:\Users\Reymart De Lara\Desktop\WinMacOS\src\worker.py", line 544, in _persist_and_emit
    runnable.signals.server_fetched.emit(result)
    ^^^^^^^^^^^^^^^^^^^^^^^^^^^^^^^
RuntimeError: wrapped C/C++ object of type LparWorkerSignals has been deleted

--- UNHANDLED EXCEPTION ---
Traceback (most recent call last):
  File "C:\Users\Reymart De Lara\Desktop\WinMacOS\src\worker.py", line 870, in run
    except Exception:
  File "C:\Users\Reymart De Lara\Desktop\WinMacOS\src\worker.py", line 642, in _persist_and_emit
    runnable.signals.server_fetched.emit(result)
    ^^^^^^^^^^^^^^^^^^^^^^^^^^^^^^^
RuntimeError: wrapped C/C++ object of type LparWorkerSignals has been deleted

--- UNHANDLED EXCEPTION ---
Traceback (most recent call last):
  File "C:\Users\Reymart De Lara\Desktop\WinMacOS\src\worker.py", line 879, in run
    _persist_and_emit(self, result)
    ~~~~~~~~~~~~~~~~~^^^^^^^^^^^^^^
  File "C:\Users\Reymart De Lara\Desktop\WinMacOS\src\worker.py", line 642, in _persist_and_emit
    runnable.signals.server_fetched.emit(result)
    ^^^^^^^^^^^^^^^^^^^^^^^^^^^^^^^
RuntimeError: wrapped C/C++ object of type LparWorkerSignals has been deleted

--- UNHANDLED EXCEPTION ---
Traceback (most recent call last):
  File "C:\Users\Reymart De Lara\Desktop\WinMacOS\src\worker.py", line 879, in run
    _persist_and_emit(self, result)
    ~~~~~~~~~~~~~~~~~^^^^^^^^^^^^^^
  File "C:\Users\Reymart De Lara\Desktop\WinMacOS\src\worker.py", line 642, in _persist_and_emit
    runnable.signals.server_fetched.emit(result)
    ^^^^^^^^^^^^^^^^^^^^^^^^^^^^^^^
RuntimeError: wrapped C/C++ object of type LparWorkerSignals has been deleted

--- UNHANDLED EXCEPTION ---
Traceback (most recent call last):
  File "C:\Users\Reymart De Lara\Desktop\WinMacOS\src\worker.py", line 880, in run
    _persist_and_emit(self, result)
    ~~~~~~~~~~~~~~~~~^^^^^^^^^^^^^^
  File "C:\Users\Reymart De Lara\Desktop\WinMacOS\src\worker.py", line 643, in _persist_and_emit
    runnable.signals.server_fetched.emit(result)
    ^^^^^^^^^^^^^^^^^^^^^^^^^^^^^^^
RuntimeError: wrapped C/C++ object of type LparWorkerSignals has been deleted

--- UNHANDLED EXCEPTION ---
Traceback (most recent call last):
  File "C:\Users\Reymart De Lara\Desktop\WinMacOS\src\worker.py", line 880, in run
    _persist_and_emit(self, result)
    ~~~~~~~~~~~~~~~~~^^^^^^^^^^^^^^
  File "C:\Users\Reymart De Lara\Desktop\WinMacOS\src\worker.py", line 643, in _persist_and_emit
    runnable.signals.server_fetched.emit(result)
    ^^^^^^^^^^^^^^^^^^^^^^^^^^^^^^^
RuntimeError: wrapped C/C++ object of type LparWorkerSignals has been deleted

--- UNHANDLED EXCEPTION ---
Traceback (most recent call last):
  File "C:\Users\Reymart De Lara\Desktop\WinMacOS\src\worker.py", line 880, in run
    _persist_and_emit(self, result)
    ~~~~~~~~~~~~~~~~~^^^^^^^^^^^^^^
  File "C:\Users\Reymart De Lara\Desktop\WinMacOS\src\worker.py", line 643, in _persist_and_emit
    runnable.signals.server_fetched.emit(result)
    ^^^^^^^^^^^^^^^^^^^^^^^^^^^^^^^
RuntimeError: wrapped C/C++ object of type LparWorkerSignals has been deleted

--- UNHANDLED EXCEPTION ---
Traceback (most recent call last):
  File "C:\Users\Reymart De Lara\Desktop\WinMacOS\src\worker.py", line 880, in run
    _persist_and_emit(self, result)
    ~~~~~~~~~~~~~~~~~^^^^^^^^^^^^^^
  File "C:\Users\Reymart De Lara\Desktop\WinMacOS\src\worker.py", line 643, in _persist_and_emit
    runnable.signals.server_fetched.emit(result)
    ^^^^^^^^^^^^^^^^^^^^^^^^^^^^^^^
RuntimeError: wrapped C/C++ object of type LparWorkerSignals has been deleted

--- UNHANDLED EXCEPTION ---
Traceback (most recent call last):
  File "C:\Users\Reymart De Lara\Desktop\WinMacOS\src\worker.py", line 880, in run
    _persist_and_emit(self, result)
    ~~~~~~~~~~~~~~~~~^^^^^^^^^^^^^^
  File "C:\Users\Reymart De Lara\Desktop\WinMacOS\src\worker.py", line 643, in _persist_and_emit
    runnable.signals.server_fetched.emit(result)
    ^^^^^^^^^^^^^^^^^^^^^^^^^^^^^^^
RuntimeError: wrapped C/C++ object of type LparWorkerSignals has been deleted

--- UNHANDLED EXCEPTION ---
Traceback (most recent call last):
  File "C:\Users\Reymart De Lara\Desktop\WinMacOS\src\worker.py", line 880, in run
    _persist_and_emit(self, result)
    ~~~~~~~~~~~~~~~~~^^^^^^^^^^^^^^
  File "C:\Users\Reymart De Lara\Desktop\WinMacOS\src\worker.py", line 643, in _persist_and_emit
    runnable.signals.server_fetched.emit(result)
    ^^^^^^^^^^^^^^^^^^^^^^^^^^^^^^^
RuntimeError: wrapped C/C++ object of type LparWorkerSignals has been deleted

--- UNHANDLED EXCEPTION ---
Traceback (most recent call last):
  File "C:\Users\Reymart De Lara\Desktop\WinMacOS\src\worker.py", line 880, in run
    _persist_and_emit(self, result)
    ~~~~~~~~~~~~~~~~~^^^^^^^^^^^^^^
  File "C:\Users\Reymart De Lara\Desktop\WinMacOS\src\worker.py", line 643, in _persist_and_emit
    runnable.signals.server_fetched.emit(result)
    ^^^^^^^^^^^^^^^^^^^^^^^^^^^^^^^
RuntimeError: wrapped C/C++ object of type LparWorkerSignals has been deleted

--- UNHANDLED EXCEPTION ---
Traceback (most recent call last):
  File "C:\Users\Reymart De Lara\Desktop\WinMacOS\src\worker.py", line 880, in run
    _persist_and_emit(self, result)
    ~~~~~~~~~~~~~~~~~^^^^^^^^^^^^^^
  File "C:\Users\Reymart De Lara\Desktop\WinMacOS\src\worker.py", line 643, in _persist_and_emit
    runnable.signals.server_fetched.emit(result)
    ^^^^^^^^^^^^^^^^^^^^^^^^^^^^^^^
RuntimeError: wrapped C/C++ object of type LparWorkerSignals has been deleted

--- UNHANDLED EXCEPTION ---
Traceback (most recent call last):
  File "C:\Users\Reymart De Lara\Desktop\WinMacOS\src\worker.py", line 864, in run
    _persist_and_emit(self, result)
    ~~~~~~~~~~~~~~~~~^^^^^^^^^^^^^^
  File "C:\Users\Reymart De Lara\Desktop\WinMacOS\src\worker.py", line 645, in _persist_and_emit
    runnable.signals.server_fetched.emit(result)
    ^^^^^^^^^^^^^^^^^^^^^^^^^^^^^^^
RuntimeError: wrapped C/C++ object of type LparWorkerSignals has been deleted

--- UNHANDLED EXCEPTION ---
Traceback (most recent call last):
  File "C:\Users\Reymart De Lara\Desktop\WinMacOS\src\worker.py", line 882, in run
    _persist_and_emit(self, result)
    ~~~~~~~~~~~~~~~~~^^^^^^^^^^^^^^
  File "C:\Users\Reymart De Lara\Desktop\WinMacOS\src\worker.py", line 644, in _persist_and_emit
    runnable.signals.server_fetched.emit(result)
    ^^^^^^^^^^^^^^^^^^^^^^^^^^^^^^^
RuntimeError: wrapped C/C++ object of type LparWorkerSignals has been deleted

--- UNHANDLED EXCEPTION ---
Traceback (most recent call last):
  File "C:\Users\Reymart De Lara\Desktop\WinMacOS\src\worker.py", line 898, in run
  File "C:\Users\Reymart De Lara\Desktop\WinMacOS\src\worker.py", line 643, in _persist_and_emit
    runnable.signals.server_fetched.emit(result)
    ^^^^^^^^^^^^^^^^^^^^^^^^^^^^^^^
RuntimeError: wrapped C/C++ object of type LparWorkerSignals has been deleted

--- UNHANDLED EXCEPTION ---
Traceback (most recent call last):
  File "C:\Users\Reymart De Lara\Desktop\WinMacOS\src\worker.py", line 898, in run
  File "C:\Users\Reymart De Lara\Desktop\WinMacOS\src\worker.py", line 643, in _persist_and_emit
    runnable.signals.server_fetched.emit(result)
    ^^^^^^^^^^^^^^^^^^^^^^^^^^^^^^^
RuntimeError: wrapped C/C++ object of type LparWorkerSignals has been deleted

--- UNHANDLED EXCEPTION ---
Traceback (most recent call last):
  File "C:\Users\Reymart De Lara\Desktop\WinMacOS\src\worker.py", line 898, in run
  File "C:\Users\Reymart De Lara\Desktop\WinMacOS\src\worker.py", line 643, in _persist_and_emit
    runnable.signals.server_fetched.emit(result)
    ^^^^^^^^^^^^^^^^^^^^^^^^^^^^^^^
RuntimeError: wrapped C/C++ object of type LparWorkerSignals has been deleted

--- UNHANDLED EXCEPTION ---
Traceback (most recent call last):
  File "C:\Users\Reymart De Lara\Desktop\WinMacOS\src\worker.py", line 898, in run
  File "C:\Users\Reymart De Lara\Desktop\WinMacOS\src\worker.py", line 643, in _persist_and_emit
    runnable.signals.server_fetched.emit(result)
    ^^^^^^^^^^^^^^^^^^^^^^^^^^^^^^^
RuntimeError: wrapped C/C++ object of type LparWorkerSignals has been deleted

--- UNHANDLED EXCEPTION ---
Traceback (most recent call last):
  File "C:\Users\Reymart De Lara\Desktop\WinMacOS\src\worker.py", line 898, in run
  File "C:\Users\Reymart De Lara\Desktop\WinMacOS\src\worker.py", line 643, in _persist_and_emit
    runnable.signals.server_fetched.emit(result)
    ^^^^^^^^^^^^^^^^^^^^^^^^^^^^^^^
RuntimeError: wrapped C/C++ object of type LparWorkerSignals has been deleted

--- UNHANDLED EXCEPTION ---
Traceback (most recent call last):
  File "C:\Users\Reymart De Lara\Desktop\WinMacOS\src\worker.py", line 898, in run
  File "C:\Users\Reymart De Lara\Desktop\WinMacOS\src\worker.py", line 643, in _persist_and_emit
    runnable.signals.server_fetched.emit(result)
    ^^^^^^^^^^^^^^^^^^^^^^^^^^^^^^^
RuntimeError: wrapped C/C++ object of type LparWorkerSignals has been deleted

--- UNHANDLED EXCEPTION ---
Traceback (most recent call last):
  File "C:\Users\Reymart De Lara\Desktop\WinMacOS\src\worker.py", line 898, in run
  File "C:\Users\Reymart De Lara\Desktop\WinMacOS\src\worker.py", line 643, in _persist_and_emit
    runnable.signals.server_fetched.emit(result)
    ^^^^^^^^^^^^^^^^^^^^^^^^^^^^^^^
RuntimeError: wrapped C/C++ object of type LparWorkerSignals has been deleted

--- UNHANDLED EXCEPTION ---
Traceback (most recent call last):
  File "C:\Users\Reymart De Lara\Desktop\WinMacOS\src\worker.py", line 898, in run
  File "C:\Users\Reymart De Lara\Desktop\WinMacOS\src\worker.py", line 643, in _persist_and_emit
    runnable.signals.server_fetched.emit(result)
    ^^^^^^^^^^^^^^^^^^^^^^^^^^^^^^^
RuntimeError: wrapped C/C++ object of type LparWorkerSignals has been deleted

--- UNHANDLED EXCEPTION ---
Traceback (most recent call last):
  File "C:\Users\Reymart De Lara\Desktop\WinMacOS\src\worker.py", line 916, in run
    _persist_and_emit(self, result)
    ~~~~~~~~~~~~~~~~~^^^^^^^^^^^^^^
  File "C:\Users\Reymart De Lara\Desktop\WinMacOS\src\worker.py", line 646, in _persist_and_emit
    runnable.signals.server_fetched.emit(result)
    ^^^^^^^^^^^^^^^^^^^^^^^^^^^^^^^
RuntimeError: wrapped C/C++ object of type LparWorkerSignals has been deleted

--- UNHANDLED EXCEPTION ---
Traceback (most recent call last):
  File "C:\Users\Reymart De Lara\Desktop\WinMacOS\src\worker.py", line 916, in run
    _persist_and_emit(self, result)
    ~~~~~~~~~~~~~~~~~^^^^^^^^^^^^^^
  File "C:\Users\Reymart De Lara\Desktop\WinMacOS\src\worker.py", line 646, in _persist_and_emit
    runnable.signals.server_fetched.emit(result)
    ^^^^^^^^^^^^^^^^^^^^^^^^^^^^^^^
RuntimeError: wrapped C/C++ object of type LparWorkerSignals has been deleted

--- UNHANDLED EXCEPTION ---
Traceback (most recent call last):
  File "C:\Users\Reymart De Lara\Desktop\WinMacOS\src\worker.py", line 916, in run
    _persist_and_emit(self, result)
    ~~~~~~~~~~~~~~~~~^^^^^^^^^^^^^^
  File "C:\Users\Reymart De Lara\Desktop\WinMacOS\src\worker.py", line 646, in _persist_and_emit
    runnable.signals.server_fetched.emit(result)
    ^^^^^^^^^^^^^^^^^^^^^^^^^^^^^^^
RuntimeError: wrapped C/C++ object of type LparWorkerSignals has been deleted

--- UNHANDLED EXCEPTION ---
Traceback (most recent call last):
  File "C:\Users\Reymart De Lara\Desktop\WinMacOS\src\worker.py", line 916, in run
    _persist_and_emit(self, result)
    ~~~~~~~~~~~~~~~~~^^^^^^^^^^^^^^
  File "C:\Users\Reymart De Lara\Desktop\WinMacOS\src\worker.py", line 646, in _persist_and_emit
    runnable.signals.server_fetched.emit(result)
    ^^^^^^^^^^^^^^^^^^^^^^^^^^^^^^^
RuntimeError: wrapped C/C++ object of type LparWorkerSignals has been deleted

--- UNHANDLED EXCEPTION ---
Traceback (most recent call last):
  File "C:\Users\Reymart De Lara\Desktop\WinMacOS\src\worker.py", line 916, in run
    _persist_and_emit(self, result)
    ~~~~~~~~~~~~~~~~~^^^^^^^^^^^^^^
  File "C:\Users\Reymart De Lara\Desktop\WinMacOS\src\worker.py", line 646, in _persist_and_emit
    runnable.signals.server_fetched.emit(result)
    ^^^^^^^^^^^^^^^^^^^^^^^^^^^^^^^
RuntimeError: wrapped C/C++ object of type LparWorkerSignals has been deleted

--- UNHANDLED EXCEPTION ---
Traceback (most recent call last):
  File "C:\Users\Reymart De Lara\Desktop\WinMacOS\src\worker.py", line 916, in run
    _persist_and_emit(self, result)
    ~~~~~~~~~~~~~~~~~^^^^^^^^^^^^^^
  File "C:\Users\Reymart De Lara\Desktop\WinMacOS\src\worker.py", line 646, in _persist_and_emit
    runnable.signals.server_fetched.emit(result)
    ^^^^^^^^^^^^^^^^^^^^^^^^^^^^^^^
RuntimeError: wrapped C/C++ object of type LparWorkerSignals has been deleted

--- UNHANDLED EXCEPTION ---
Traceback (most recent call last):
  File "C:\Users\Reymart De Lara\Desktop\WinMacOS\src\worker.py", line 916, in run
    _persist_and_emit(self, result)
    ~~~~~~~~~~~~~~~~~^^^^^^^^^^^^^^
  File "C:\Users\Reymart De Lara\Desktop\WinMacOS\src\worker.py", line 646, in _persist_and_emit
    runnable.signals.server_fetched.emit(result)
    ^^^^^^^^^^^^^^^^^^^^^^^^^^^^^^^
RuntimeError: wrapped C/C++ object of type LparWorkerSignals has been deleted

--- UNHANDLED EXCEPTION ---
Traceback (most recent call last):
  File "C:\Users\Reymart De Lara\Desktop\WinMacOS\src\worker.py", line 916, in run
    _persist_and_emit(self, result)
    ~~~~~~~~~~~~~~~~~^^^^^^^^^^^^^^
  File "C:\Users\Reymart De Lara\Desktop\WinMacOS\src\worker.py", line 646, in _persist_and_emit
    runnable.signals.server_fetched.emit(result)
    ^^^^^^^^^^^^^^^^^^^^^^^^^^^^^^^
RuntimeError: wrapped C/C++ object of type LparWorkerSignals has been deleted

--- UNHANDLED EXCEPTION ---
Traceback (most recent call last):
  File "C:\Users\Reymart De Lara\Desktop\WinMacOS\src\worker.py", line 916, in run
    _persist_and_emit(self, result)
    ~~~~~~~~~~~~~~~~~^^^^^^^^^^^^^^
  File "C:\Users\Reymart De Lara\Desktop\WinMacOS\src\worker.py", line 646, in _persist_and_emit
    runnable.signals.server_fetched.emit(result)
    ^^^^^^^^^^^^^^^^^^^^^^^^^^^^^^^
RuntimeError: wrapped C/C++ object of type LparWorkerSignals has been deleted

--- UNHANDLED EXCEPTION ---
Traceback (most recent call last):
  File "C:\Users\Reymart De Lara\Desktop\WinMacOS\src\worker.py", line 916, in run
    _persist_and_emit(self, result)
    ~~~~~~~~~~~~~~~~~^^^^^^^^^^^^^^
  File "C:\Users\Reymart De Lara\Desktop\WinMacOS\src\worker.py", line 646, in _persist_and_emit
    runnable.signals.server_fetched.emit(result)
    ^^^^^^^^^^^^^^^^^^^^^^^^^^^^^^^
RuntimeError: wrapped C/C++ object of type LparWorkerSignals has been deleted

--- UNHANDLED EXCEPTION ---
Traceback (most recent call last):
  File "C:\Users\Reymart De Lara\Desktop\WinMacOS\src\worker.py", line 916, in run
    _persist_and_emit(self, result)
    ~~~~~~~~~~~~~~~~~^^^^^^^^^^^^^^
  File "C:\Users\Reymart De Lara\Desktop\WinMacOS\src\worker.py", line 646, in _persist_and_emit
    runnable.signals.server_fetched.emit(result)
    ^^^^^^^^^^^^^^^^^^^^^^^^^^^^^^^
RuntimeError: wrapped C/C++ object of type LparWorkerSignals has been deleted

--- UNHANDLED EXCEPTION ---
Traceback (most recent call last):
  File "C:\Users\Reymart De Lara\Desktop\WinMacOS\src\worker.py", line 916, in run
    _persist_and_emit(self, result)
    ~~~~~~~~~~~~~~~~~^^^^^^^^^^^^^^
  File "C:\Users\Reymart De Lara\Desktop\WinMacOS\src\worker.py", line 646, in _persist_and_emit
    runnable.signals.server_fetched.emit(result)
    ^^^^^^^^^^^^^^^^^^^^^^^^^^^^^^^
RuntimeError: wrapped C/C++ object of type LparWorkerSignals has been deleted

--- UNHANDLED EXCEPTION ---
Traceback (most recent call last):
  File "C:\Users\Reymart De Lara\Desktop\WinMacOS\src\worker.py", line 916, in run
    _persist_and_emit(self, result)
    ~~~~~~~~~~~~~~~~~^^^^^^^^^^^^^^
  File "C:\Users\Reymart De Lara\Desktop\WinMacOS\src\worker.py", line 646, in _persist_and_emit
    runnable.signals.server_fetched.emit(result)
    ^^^^^^^^^^^^^^^^^^^^^^^^^^^^^^^
RuntimeError: wrapped C/C++ object of type LparWorkerSignals has been deleted

--- UNHANDLED EXCEPTION ---
Traceback (most recent call last):
  File "C:\Users\Reymart De Lara\Desktop\WinMacOS\src\worker.py", line 916, in run
    _persist_and_emit(self, result)
    ~~~~~~~~~~~~~~~~~^^^^^^^^^^^^^^
  File "C:\Users\Reymart De Lara\Desktop\WinMacOS\src\worker.py", line 646, in _persist_and_emit
    runnable.signals.server_fetched.emit(result)
    ^^^^^^^^^^^^^^^^^^^^^^^^^^^^^^^
RuntimeError: wrapped C/C++ object of type LparWorkerSignals has been deleted

--- UNHANDLED EXCEPTION ---
Traceback (most recent call last):
  File "C:\Users\Reymart De Lara\Desktop\WinMacOS\src\worker.py", line 916, in run
    _persist_and_emit(self, result)
    ~~~~~~~~~~~~~~~~~^^^^^^^^^^^^^^
  File "C:\Users\Reymart De Lara\Desktop\WinMacOS\src\worker.py", line 646, in _persist_and_emit
    runnable.signals.server_fetched.emit(result)
    ^^^^^^^^^^^^^^^^^^^^^^^^^^^^^^^
RuntimeError: wrapped C/C++ object of type LparWorkerSignals has been deleted

--- UNHANDLED EXCEPTION ---
Traceback (most recent call last):
  File "C:\Users\Reymart De Lara\Desktop\WinMacOS\src\worker.py", line 916, in run
    _persist_and_emit(self, result)
    ~~~~~~~~~~~~~~~~~^^^^^^^^^^^^^^
  File "C:\Users\Reymart De Lara\Desktop\WinMacOS\src\worker.py", line 646, in _persist_and_emit
    runnable.signals.server_fetched.emit(result)
    ^^^^^^^^^^^^^^^^^^^^^^^^^^^^^^^
RuntimeError: wrapped C/C++ object of type LparWorkerSignals has been deleted

--- UNHANDLED EXCEPTION ---
Traceback (most recent call last):
  File "C:\Users\Reymart De Lara\Desktop\WinMacOS\src\worker.py", line 916, in run
    _persist_and_emit(self, result)
    ~~~~~~~~~~~~~~~~~^^^^^^^^^^^^^^
  File "C:\Users\Reymart De Lara\Desktop\WinMacOS\src\worker.py", line 646, in _persist_and_emit
    runnable.signals.server_fetched.emit(result)
    ^^^^^^^^^^^^^^^^^^^^^^^^^^^^^^^
RuntimeError: wrapped C/C++ object of type LparWorkerSignals has been deleted

--- UNHANDLED EXCEPTION ---
Traceback (most recent call last):
  File "C:\Users\Reymart De Lara\Desktop\WinMacOS\src\worker.py", line 916, in run
    _persist_and_emit(self, result)
    ~~~~~~~~~~~~~~~~~^^^^^^^^^^^^^^
  File "C:\Users\Reymart De Lara\Desktop\WinMacOS\src\worker.py", line 646, in _persist_and_emit
    runnable.signals.server_fetched.emit(result)
    ^^^^^^^^^^^^^^^^^^^^^^^^^^^^^^^
RuntimeError: wrapped C/C++ object of type LparWorkerSignals has been deleted

--- UNHANDLED EXCEPTION ---
Traceback (most recent call last):
  File "C:\Users\Reymart De Lara\Desktop\WinMacOS\src\worker.py", line 916, in run
    _persist_and_emit(self, result)
    ~~~~~~~~~~~~~~~~~^^^^^^^^^^^^^^
  File "C:\Users\Reymart De Lara\Desktop\WinMacOS\src\worker.py", line 646, in _persist_and_emit
    runnable.signals.server_fetched.emit(result)
    ^^^^^^^^^^^^^^^^^^^^^^^^^^^^^^^
RuntimeError: wrapped C/C++ object of type LparWorkerSignals has been deleted

--- UNHANDLED EXCEPTION ---
Traceback (most recent call last):
  File "C:\Users\Reymart De Lara\Desktop\WinMacOS\src\worker.py", line 916, in run
    _persist_and_emit(self, result)
    ~~~~~~~~~~~~~~~~~^^^^^^^^^^^^^^
  File "C:\Users\Reymart De Lara\Desktop\WinMacOS\src\worker.py", line 646, in _persist_and_emit
    runnable.signals.server_fetched.emit(result)
    ^^^^^^^^^^^^^^^^^^^^^^^^^^^^^^^
RuntimeError: wrapped C/C++ object of type LparWorkerSignals has been deleted

--- UNHANDLED EXCEPTION ---
Traceback (most recent call last):
  File "C:\Users\Reymart De Lara\Desktop\WinMacOS\src\worker.py", line 952, in run
    _persist_and_emit(self, result)
    ~~~~~~~~~~~~~~~~~^^^^^^^^^^^^^^
  File "C:\Users\Reymart De Lara\Desktop\WinMacOS\src\worker.py", line 688, in _persist_and_emit
    runnable.signals.server_fetched.emit(result)
    ^^^^^^^^^^^^^^^^^^^^^^^^^^^^^^^
RuntimeError: wrapped C/C++ object of type LparWorkerSignals has been deleted

--- UNHANDLED EXCEPTION ---
Traceback (most recent call last):
  File "C:\Users\Reymart De Lara\Desktop\WinMacOS\src\worker.py", line 952, in run
    _persist_and_emit(self, result)
    ~~~~~~~~~~~~~~~~~^^^^^^^^^^^^^^
  File "C:\Users\Reymart De Lara\Desktop\WinMacOS\src\worker.py", line 688, in _persist_and_emit
    runnable.signals.server_fetched.emit(result)
    ^^^^^^^^^^^^^^^^^^^^^^^^^^^^^^^
RuntimeError: wrapped C/C++ object of type LparWorkerSignals has been deleted

--- UNHANDLED EXCEPTION ---
Traceback (most recent call last):
  File "C:\Users\Reymart De Lara\Desktop\WinMacOS\src\worker.py", line 952, in run
    _persist_and_emit(self, result)
    ~~~~~~~~~~~~~~~~~^^^^^^^^^^^^^^
  File "C:\Users\Reymart De Lara\Desktop\WinMacOS\src\worker.py", line 688, in _persist_and_emit
    runnable.signals.server_fetched.emit(result)
    ^^^^^^^^^^^^^^^^^^^^^^^^^^^^^^^
RuntimeError: wrapped C/C++ object of type LparWorkerSignals has been deleted

Fatal startup crash: name 'GlobalAlertsWidget' is not defined
Traceback (most recent call last):
  File "C:\Users\Reymart De Lara\Desktop\WinMacOS\src\main.py", line 73, in main
    window = ui.main_window.IBMiDashboard()
  File "C:\Users\Reymart De Lara\Desktop\WinMacOS\src\ui\main_window.py", line 1060, in __init__
    self.init_live_monitor_ui()
    ~~~~~~~~~~~~~~~~~~~~~~~~~^^
  File "C:\Users\Reymart De Lara\Desktop\WinMacOS\src\ui\main_window.py", line 1202, in init_live_monitor_ui
    self.global_alerts = GlobalAlertsWidget()
                         ^^^^^^^^^^^^^^^^^^
NameError: name 'GlobalAlertsWidget' is not defined

Fatal startup crash: name 'GlobalAlertsWidget' is not defined
Traceback (most recent call last):
  File "C:\Users\Reymart De Lara\Desktop\WinMacOS\src\main.py", line 73, in main
    window = ui.main_window.IBMiDashboard()
  File "C:\Users\Reymart De Lara\Desktop\WinMacOS\src\ui\main_window.py", line 1060, in __init__
    self.init_live_monitor_ui()
    ~~~~~~~~~~~~~~~~~~~~~~~~~^^
  File "C:\Users\Reymart De Lara\Desktop\WinMacOS\src\ui\main_window.py", line 1202, in init_live_monitor_ui
    self.global_alerts = GlobalAlertsWidget()
                         ^^^^^^^^^^^^^^^^^^
NameError: name 'GlobalAlertsWidget' is not defined

Fatal startup crash: 'LparCardWidget' object has no attribute 'down_count_lbl'
Traceback (most recent call last):
  File "C:\Users\Reymart De Lara\Desktop\WinMacOS\src\main.py", line 73, in main
    window = ui.main_window.IBMiDashboard()
  File "C:\Users\Reymart De Lara\Desktop\WinMacOS\src\ui\main_window.py", line 1256, in __init__
    self.init_live_monitor_ui()
    ~~~~~~~~~~~~~~~~~~~~~~~~~^^
  File "C:\Users\Reymart De Lara\Desktop\WinMacOS\src\ui\main_window.py", line 1470, in init_live_monitor_ui
    self.rebuild_server_cards()
    ~~~~~~~~~~~~~~~~~~~~~~~~~^^
  File "C:\Users\Reymart De Lara\Desktop\WinMacOS\src\ui\main_window.py", line 1816, in rebuild_server_cards
    card = LparCardWidget(srv)
  File "C:\Users\Reymart De Lara\Desktop\WinMacOS\src\ui\main_window.py", line 455, in __init__
    self.set_theme(self.is_dark_theme)
    ~~~~~~~~~~~~~~^^^^^^^^^^^^^^^^^^^^
  File "C:\Users\Reymart De Lara\Desktop\WinMacOS\src\ui\main_window.py", line 920, in set_theme
    self.down_count_lbl.setStyleSheet(f"color: {red_color}; background-color: transparent;")
    ^^^^^^^^^^^^^^^^^^^
AttributeError: 'LparCardWidget' object has no attribute 'down_count_lbl'

--- UNHANDLED EXCEPTION ---
Traceback (most recent call last):
  File "C:\Users\Reymart De Lara\Desktop\WinMacOS\src\worker.py", line 953, in run
    _persist_and_emit(self, result)
    ~~~~~~~~~~~~~~~~~^^^^^^^^^^^^^^
  File "C:\Users\Reymart De Lara\Desktop\WinMacOS\src\worker.py", line 688, in _persist_and_emit
    runnable.signals.server_fetched.emit(result)
    ^^^^^^^^^^^^^^^^^^^^^^^^^^^^^^^
RuntimeError: wrapped C/C++ object of type LparWorkerSignals has been deleted

--- UNHANDLED EXCEPTION ---
Traceback (most recent call last):
  File "C:\Users\Reymart De Lara\Desktop\WinMacOS\src\worker.py", line 953, in run
    _persist_and_emit(self, result)
    ~~~~~~~~~~~~~~~~~^^^^^^^^^^^^^^
  File "C:\Users\Reymart De Lara\Desktop\WinMacOS\src\worker.py", line 688, in _persist_and_emit
    runnable.signals.server_fetched.emit(result)
    ^^^^^^^^^^^^^^^^^^^^^^^^^^^^^^^
RuntimeError: wrapped C/C++ object of type LparWorkerSignals has been deleted

--- UNHANDLED EXCEPTION ---
Traceback (most recent call last):
  File "C:\Users\Reymart De Lara\Desktop\WinMacOS\src\worker.py", line 953, in run
    _persist_and_emit(self, result)
    ~~~~~~~~~~~~~~~~~^^^^^^^^^^^^^^
  File "C:\Users\Reymart De Lara\Desktop\WinMacOS\src\worker.py", line 688, in _persist_and_emit
    runnable.signals.server_fetched.emit(result)
    ^^^^^^^^^^^^^^^^^^^^^^^^^^^^^^^
RuntimeError: wrapped C/C++ object of type LparWorkerSignals has been deleted

--- UNHANDLED EXCEPTION ---
Traceback (most recent call last):
  File "C:\Users\Reymart De Lara\Desktop\WinMacOS\src\worker.py", line 1059, in run
    _persist_and_emit(self, result)
    ~~~~~~~~~~~~~~~~~^^^^^^^^^^^^^^
  File "C:\Users\Reymart De Lara\Desktop\WinMacOS\src\worker.py", line 794, in _persist_and_emit
    runnable.signals.server_fetched.emit(result)
    ^^^^^^^^^^^^^^^^^^^^^^^^^^^^^^^
RuntimeError: wrapped C/C++ object of type LparWorkerSignals has been deleted

--- UNHANDLED EXCEPTION ---
Traceback (most recent call last):
  File "C:\Users\Reymart De Lara\Desktop\WinMacOS\src\worker.py", line 1059, in run
    _persist_and_emit(self, result)
    ~~~~~~~~~~~~~~~~~^^^^^^^^^^^^^^
  File "C:\Users\Reymart De Lara\Desktop\WinMacOS\src\worker.py", line 794, in _persist_and_emit
    runnable.signals.server_fetched.emit(result)
    ^^^^^^^^^^^^^^^^^^^^^^^^^^^^^^^
RuntimeError: wrapped C/C++ object of type LparWorkerSignals has been deleted

--- UNHANDLED EXCEPTION ---
Traceback (most recent call last):
  File "C:\Users\Reymart De Lara\Desktop\WinMacOS\src\worker.py", line 1041, in run
    maybe_send_asp_alert(str(result.get("server") or self.server), float(result.get("asp", 0.0) or 0.0))
    ^^^^^^^^^^^^^^^^^^^^^^^^^^^
  File "C:\Users\Reymart De Lara\Desktop\WinMacOS\src\worker.py", line 776, in _persist_and_emit
RuntimeError: wrapped C/C++ object of type LparWorkerSignals has been deleted

--- UNHANDLED EXCEPTION ---
Traceback (most recent call last):
  File "C:\Users\Reymart De Lara\Desktop\WinMacOS\src\worker.py", line 1084, in run
    _persist_and_emit(self, result)
    ~~~~~~~~~~~~~~~~~^^^^^^^^^^^^^^
  File "C:\Users\Reymart De Lara\Desktop\WinMacOS\src\worker.py", line 819, in _persist_and_emit
    runnable.signals.server_fetched.emit(result)
    ^^^^^^^^^^^^^^^^^^^^^^^^^^^^^^^
RuntimeError: wrapped C/C++ object of type LparWorkerSignals has been deleted

--- UNHANDLED EXCEPTION ---
Traceback (most recent call last):
  File "C:\Users\Reymart De Lara\Desktop\WinMacOS\src\worker.py", line 1084, in run
    _persist_and_emit(self, result)
    ~~~~~~~~~~~~~~~~~^^^^^^^^^^^^^^
  File "C:\Users\Reymart De Lara\Desktop\WinMacOS\src\worker.py", line 819, in _persist_and_emit
    runnable.signals.server_fetched.emit(result)
    ^^^^^^^^^^^^^^^^^^^^^^^^^^^^^^^
RuntimeError: wrapped C/C++ object of type LparWorkerSignals has been deleted

--- UNHANDLED EXCEPTION ---
Traceback (most recent call last):
  File "C:\Users\Reymart De Lara\Desktop\WinMacOS\src\ui\monthly_report.py", line 431, in generate_previous_month_report
    previous_month = now.replace(day=1) - timedelta(days=1)
                     ^^^^^^^^^^^
AttributeError: 'bool' object has no attribute 'replace'

--- UNHANDLED EXCEPTION ---
Traceback (most recent call last):
  File "C:\Users\Reymart De Lara\Desktop\WinMacOS\src\ui\monthly_report.py", line 431, in generate_previous_month_report
    previous_month = now.replace(day=1) - timedelta(days=1)
                     ^^^^^^^^^^^
AttributeError: 'bool' object has no attribute 'replace'

--- UNHANDLED EXCEPTION ---
Traceback (most recent call last):
  File "C:\Users\Reymart De Lara\Desktop\WinMacOS\src\ui\monthly_report.py", line 431, in generate_previous_month_report
    previous_month = now.replace(day=1) - timedelta(days=1)
                     ^^^^^^^^^^^
AttributeError: 'bool' object has no attribute 'replace'

--- UNHANDLED EXCEPTION ---
Traceback (most recent call last):
  File "C:\Users\Reymart De Lara\Desktop\WinMacOS\src\ui\monthly_report.py", line 431, in generate_previous_month_report
    previous_month = now.replace(day=1) - timedelta(days=1)
                     ^^^^^^^^^^^
AttributeError: 'bool' object has no attribute 'replace'

--- UNHANDLED EXCEPTION ---
Traceback (most recent call last):
  File "C:\Users\Reymart De Lara\Desktop\WinMacOS\src\ui\monthly_report.py", line 431, in generate_previous_month_report
    previous_month = now.replace(day=1) - timedelta(days=1)
                     ^^^^^^^^^^^
AttributeError: 'bool' object has no attribute 'replace'

--- UNHANDLED EXCEPTION ---
Traceback (most recent call last):
  File "C:\Users\Reymart De Lara\Desktop\WinMacOS\src\ui\monthly_report.py", line 431, in generate_previous_month_report
    previous_month = now.replace(day=1) - timedelta(days=1)
                     ^^^^^^^^^^^
AttributeError: 'bool' object has no attribute 'replace'

--- UNHANDLED EXCEPTION ---
Traceback (most recent call last):
  File "C:\Users\Reymart De Lara\Desktop\WinMacOS\src\ui\monthly_report.py", line 431, in generate_previous_month_report
    previous_month = now.replace(day=1) - timedelta(days=1)
                     ^^^^^^^^^^^
AttributeError: 'bool' object has no attribute 'replace'

Fatal startup crash: name 'QPixmap' is not defined
Traceback (most recent call last):
  File "C:\Users\Reymart De Lara\Desktop\WinMacOS\src\main.py", line 73, in main
    window = ui.main_window.IBMiDashboard()
  File "C:\Users\Reymart De Lara\Desktop\WinMacOS\src\ui\main_window.py", line 1197, in __init__
    QPixmap(resource_path("logo.png")).scaled(
    ^^^^^^^
NameError: name 'QPixmap' is not defined

Fatal startup crash: name 'QPixmap' is not defined
Traceback (most recent call last):
  File "C:\Users\Reymart De Lara\Desktop\WinMacOS\src\main.py", line 73, in main
    window = ui.main_window.IBMiDashboard()
  File "C:\Users\Reymart De Lara\Desktop\WinMacOS\src\ui\main_window.py", line 1197, in __init__
    QPixmap(resource_path("logo.png")).scaled(
    ^^^^^^^
NameError: name 'QPixmap' is not defined

--- UNHANDLED EXCEPTION ---
Traceback (most recent call last):
  File "C:\Users\Reymart De Lara\Desktop\WinMacOS\src\ui\main_window.py", line 2033, in _handle_credential_check_results
    self.backup_management_widget.start_hourly_refresh()
    ~~~~~~~~~~~~~~~~~~~~~~~~~~~~~~~~~~~~~~~~~~~~~~~~~~^^
  File "C:\Users\Reymart De Lara\Desktop\WinMacOS\src\ui\backup_manage.py", line 251, in start_hourly_refresh
    self.fetch_all_backup_data()
    ~~~~~~~~~~~~~~~~~~~~~~~~~~^^
  File "C:\Users\Reymart De Lara\Desktop\WinMacOS\src\ui\backup_manage.py", line 170, in fetch_all_backup_data
    self.fetch_backup_data("journal")
    ~~~~~~~~~~~~~~~~~~~~~~^^^^^^^^^^^
  File "C:\Users\Reymart De Lara\Desktop\WinMacOS\src\ui\backup_manage.py", line 182, in fetch_backup_data
    job_name = self._job_name_for(backup_type)
  File "C:\Users\Reymart De Lara\Desktop\WinMacOS\src\ui\backup_manage.py", line 117, in _job_name_for
    val = config.get(key)
                     ^^^
UnboundLocalError: cannot access local variable 'key' where it is not associated with a value

--- UNHANDLED EXCEPTION ---
Traceback (most recent call last):
  File "C:\Users\Reymart De Lara\Desktop\WinMacOS\src\ui\main_window.py", line 1271, in <lambda>
    btn.clicked.connect(lambda checked, page_key=key: self.set_current_page(page_key))
                                                      ~~~~~~~~~~~~~~~~~~~~~^^^^^^^^^^
  File "C:\Users\Reymart De Lara\Desktop\WinMacOS\src\ui\main_window.py", line 1369, in set_current_page
    self.backup_management_widget.start_hourly_refresh()
    ~~~~~~~~~~~~~~~~~~~~~~~~~~~~~~~~~~~~~~~~~~~~~~~~~~^^
  File "C:\Users\Reymart De Lara\Desktop\WinMacOS\src\ui\backup_manage.py", line 251, in start_hourly_refresh
    self.fetch_all_backup_data()
    ~~~~~~~~~~~~~~~~~~~~~~~~~~^^
  File "C:\Users\Reymart De Lara\Desktop\WinMacOS\src\ui\backup_manage.py", line 170, in fetch_all_backup_data
    self.fetch_backup_data("journal")
    ~~~~~~~~~~~~~~~~~~~~~~^^^^^^^^^^^
  File "C:\Users\Reymart De Lara\Desktop\WinMacOS\src\ui\backup_manage.py", line 182, in fetch_backup_data
    job_name = self._job_name_for(backup_type)
  File "C:\Users\Reymart De Lara\Desktop\WinMacOS\src\ui\backup_manage.py", line 117, in _job_name_for
    val = config.get(key)
                     ^^^
UnboundLocalError: cannot access local variable 'key' where it is not associated with a value

--- UNHANDLED EXCEPTION ---
Traceback (most recent call last):
  File "C:\Users\Reymart De Lara\Desktop\WinMacOS\src\ui\backup_manage.py", line 51, in <lambda>
    button.clicked.connect(lambda checked, name=server_name: self.select_server(name))
                                                             ~~~~~~~~~~~~~~~~~~^^^^^^
  File "C:\Users\Reymart De Lara\Desktop\WinMacOS\src\ui\backup_manage.py", line 105, in select_server
    self.fetch_all_backup_data()
    ~~~~~~~~~~~~~~~~~~~~~~~~~~^^
  File "C:\Users\Reymart De Lara\Desktop\WinMacOS\src\ui\backup_manage.py", line 170, in fetch_all_backup_data
    self.fetch_backup_data("journal")
    ~~~~~~~~~~~~~~~~~~~~~~^^^^^^^^^^^
  File "C:\Users\Reymart De Lara\Desktop\WinMacOS\src\ui\backup_manage.py", line 182, in fetch_backup_data
    job_name = self._job_name_for(backup_type)
  File "C:\Users\Reymart De Lara\Desktop\WinMacOS\src\ui\backup_manage.py", line 117, in _job_name_for
    val = config.get(key)
                     ^^^
UnboundLocalError: cannot access local variable 'key' where it is not associated with a value

--- UNHANDLED EXCEPTION ---
Traceback (most recent call last):
  File "C:\Users\Reymart De Lara\Desktop\WinMacOS\src\ui\backup_manage.py", line 51, in <lambda>
    button.clicked.connect(lambda checked, name=server_name: self.select_server(name))
                                                             ~~~~~~~~~~~~~~~~~~^^^^^^
  File "C:\Users\Reymart De Lara\Desktop\WinMacOS\src\ui\backup_manage.py", line 105, in select_server
    self.fetch_all_backup_data()
    ~~~~~~~~~~~~~~~~~~~~~~~~~~^^
  File "C:\Users\Reymart De Lara\Desktop\WinMacOS\src\ui\backup_manage.py", line 170, in fetch_all_backup_data
    self.fetch_backup_data("journal")
    ~~~~~~~~~~~~~~~~~~~~~~^^^^^^^^^^^
  File "C:\Users\Reymart De Lara\Desktop\WinMacOS\src\ui\backup_manage.py", line 182, in fetch_backup_data
    job_name = self._job_name_for(backup_type)
  File "C:\Users\Reymart De Lara\Desktop\WinMacOS\src\ui\backup_manage.py", line 117, in _job_name_for
    val = config.get(key)
                     ^^^
UnboundLocalError: cannot access local variable 'key' where it is not associated with a value

--- UNHANDLED EXCEPTION ---
Traceback (most recent call last):
  File "C:\Users\Reymart De Lara\Desktop\WinMacOS\src\ui\backup_manage.py", line 51, in <lambda>
    button.clicked.connect(lambda checked, name=server_name: self.select_server(name))
                                                             ~~~~~~~~~~~~~~~~~~^^^^^^
  File "C:\Users\Reymart De Lara\Desktop\WinMacOS\src\ui\backup_manage.py", line 105, in select_server
    self.fetch_all_backup_data()
    ~~~~~~~~~~~~~~~~~~~~~~~~~~^^
  File "C:\Users\Reymart De Lara\Desktop\WinMacOS\src\ui\backup_manage.py", line 170, in fetch_all_backup_data
    self.fetch_backup_data("journal")
    ~~~~~~~~~~~~~~~~~~~~~~^^^^^^^^^^^
  File "C:\Users\Reymart De Lara\Desktop\WinMacOS\src\ui\backup_manage.py", line 182, in fetch_backup_data
    job_name = self._job_name_for(backup_type)
  File "C:\Users\Reymart De Lara\Desktop\WinMacOS\src\ui\backup_manage.py", line 117, in _job_name_for
    val = config.get(key)
                     ^^^
UnboundLocalError: cannot access local variable 'key' where it is not associated with a value

--- UNHANDLED EXCEPTION ---
Traceback (most recent call last):
  File "C:\Users\Reymart De Lara\Desktop\WinMacOS\src\ui\backup_manage.py", line 51, in <lambda>
    button.clicked.connect(lambda checked, name=server_name: self.select_server(name))
                                                             ~~~~~~~~~~~~~~~~~~^^^^^^
  File "C:\Users\Reymart De Lara\Desktop\WinMacOS\src\ui\backup_manage.py", line 105, in select_server
    self.fetch_all_backup_data()
    ~~~~~~~~~~~~~~~~~~~~~~~~~~^^
  File "C:\Users\Reymart De Lara\Desktop\WinMacOS\src\ui\backup_manage.py", line 170, in fetch_all_backup_data
    self.fetch_backup_data("journal")
    ~~~~~~~~~~~~~~~~~~~~~~^^^^^^^^^^^
  File "C:\Users\Reymart De Lara\Desktop\WinMacOS\src\ui\backup_manage.py", line 182, in fetch_backup_data
    job_name = self._job_name_for(backup_type)
  File "C:\Users\Reymart De Lara\Desktop\WinMacOS\src\ui\backup_manage.py", line 117, in _job_name_for
    val = config.get(key)
                     ^^^
UnboundLocalError: cannot access local variable 'key' where it is not associated with a value

--- UNHANDLED EXCEPTION ---
Traceback (most recent call last):
  File "C:\Users\Reymart De Lara\Desktop\WinMacOS\src\ui\backup_manage.py", line 51, in <lambda>
    button.clicked.connect(lambda checked, name=server_name: self.select_server(name))
                                                             ~~~~~~~~~~~~~~~~~~^^^^^^
  File "C:\Users\Reymart De Lara\Desktop\WinMacOS\src\ui\backup_manage.py", line 105, in select_server
    self.fetch_all_backup_data()
    ~~~~~~~~~~~~~~~~~~~~~~~~~~^^
  File "C:\Users\Reymart De Lara\Desktop\WinMacOS\src\ui\backup_manage.py", line 170, in fetch_all_backup_data
    self.fetch_backup_data("journal")
    ~~~~~~~~~~~~~~~~~~~~~~^^^^^^^^^^^
  File "C:\Users\Reymart De Lara\Desktop\WinMacOS\src\ui\backup_manage.py", line 182, in fetch_backup_data
    job_name = self._job_name_for(backup_type)
  File "C:\Users\Reymart De Lara\Desktop\WinMacOS\src\ui\backup_manage.py", line 117, in _job_name_for
    val = config.get(key)
                     ^^^
UnboundLocalError: cannot access local variable 'key' where it is not associated with a value

--- UNHANDLED EXCEPTION ---
Traceback (most recent call last):
  File "C:\Users\Reymart De Lara\Desktop\WinMacOS\src\ui\backup_manage.py", line 51, in <lambda>
    button.clicked.connect(lambda checked, name=server_name: self.select_server(name))
                                                             ~~~~~~~~~~~~~~~~~~^^^^^^
  File "C:\Users\Reymart De Lara\Desktop\WinMacOS\src\ui\backup_manage.py", line 105, in select_server
    self.fetch_all_backup_data()
    ~~~~~~~~~~~~~~~~~~~~~~~~~~^^
  File "C:\Users\Reymart De Lara\Desktop\WinMacOS\src\ui\backup_manage.py", line 170, in fetch_all_backup_data
    self.fetch_backup_data("journal")
    ~~~~~~~~~~~~~~~~~~~~~~^^^^^^^^^^^
  File "C:\Users\Reymart De Lara\Desktop\WinMacOS\src\ui\backup_manage.py", line 182, in fetch_backup_data
    job_name = self._job_name_for(backup_type)
  File "C:\Users\Reymart De Lara\Desktop\WinMacOS\src\ui\backup_manage.py", line 117, in _job_name_for
    val = config.get(key)
                     ^^^
UnboundLocalError: cannot access local variable 'key' where it is not associated with a value

--- UNHANDLED EXCEPTION ---
Traceback (most recent call last):
  File "C:\Users\Reymart De Lara\Desktop\WinMacOS\src\ui\backup_manage.py", line 51, in <lambda>
    button.clicked.connect(lambda checked, name=server_name: self.select_server(name))
                                                             ~~~~~~~~~~~~~~~~~~^^^^^^
  File "C:\Users\Reymart De Lara\Desktop\WinMacOS\src\ui\backup_manage.py", line 105, in select_server
    self.fetch_all_backup_data()
    ~~~~~~~~~~~~~~~~~~~~~~~~~~^^
  File "C:\Users\Reymart De Lara\Desktop\WinMacOS\src\ui\backup_manage.py", line 170, in fetch_all_backup_data
    self.fetch_backup_data("journal")
    ~~~~~~~~~~~~~~~~~~~~~~^^^^^^^^^^^
  File "C:\Users\Reymart De Lara\Desktop\WinMacOS\src\ui\backup_manage.py", line 182, in fetch_backup_data
    job_name = self._job_name_for(backup_type)
  File "C:\Users\Reymart De Lara\Desktop\WinMacOS\src\ui\backup_manage.py", line 117, in _job_name_for
    val = config.get(key)
                     ^^^
UnboundLocalError: cannot access local variable 'key' where it is not associated with a value

--- UNHANDLED EXCEPTION ---
Traceback (most recent call last):
  File "C:\Users\Reymart De Lara\Desktop\WinMacOS\src\ui\backup_manage.py", line 51, in <lambda>
    button.clicked.connect(lambda checked, name=server_name: self.select_server(name))
                                                             ~~~~~~~~~~~~~~~~~~^^^^^^
  File "C:\Users\Reymart De Lara\Desktop\WinMacOS\src\ui\backup_manage.py", line 105, in select_server
    self.fetch_all_backup_data()
    ~~~~~~~~~~~~~~~~~~~~~~~~~~^^
  File "C:\Users\Reymart De Lara\Desktop\WinMacOS\src\ui\backup_manage.py", line 170, in fetch_all_backup_data
    self.fetch_backup_data("journal")
    ~~~~~~~~~~~~~~~~~~~~~~^^^^^^^^^^^
  File "C:\Users\Reymart De Lara\Desktop\WinMacOS\src\ui\backup_manage.py", line 182, in fetch_backup_data
    job_name = self._job_name_for(backup_type)
  File "C:\Users\Reymart De Lara\Desktop\WinMacOS\src\ui\backup_manage.py", line 117, in _job_name_for
    val = config.get(key)
                     ^^^
UnboundLocalError: cannot access local variable 'key' where it is not associated with a value

--- UNHANDLED EXCEPTION ---
Traceback (most recent call last):
  File "C:\Users\Reymart De Lara\Desktop\WinMacOS\src\ui\backup_manage.py", line 51, in <lambda>
    button.clicked.connect(lambda checked, name=server_name: self.select_server(name))
                                                             ~~~~~~~~~~~~~~~~~~^^^^^^
  File "C:\Users\Reymart De Lara\Desktop\WinMacOS\src\ui\backup_manage.py", line 105, in select_server
    self.fetch_all_backup_data()
    ~~~~~~~~~~~~~~~~~~~~~~~~~~^^
  File "C:\Users\Reymart De Lara\Desktop\WinMacOS\src\ui\backup_manage.py", line 170, in fetch_all_backup_data
    self.fetch_backup_data("journal")
    ~~~~~~~~~~~~~~~~~~~~~~^^^^^^^^^^^
  File "C:\Users\Reymart De Lara\Desktop\WinMacOS\src\ui\backup_manage.py", line 182, in fetch_backup_data
    job_name = self._job_name_for(backup_type)
  File "C:\Users\Reymart De Lara\Desktop\WinMacOS\src\ui\backup_manage.py", line 117, in _job_name_for
    val = config.get(key)
                     ^^^
UnboundLocalError: cannot access local variable 'key' where it is not associated with a value

--- UNHANDLED EXCEPTION ---
Traceback (most recent call last):
  File "C:\Users\Reymart De Lara\Desktop\WinMacOS\src\ui\backup_manage.py", line 51, in <lambda>
    button.clicked.connect(lambda checked, name=server_name: self.select_server(name))
                                                             ~~~~~~~~~~~~~~~~~~^^^^^^
  File "C:\Users\Reymart De Lara\Desktop\WinMacOS\src\ui\backup_manage.py", line 105, in select_server
    self.fetch_all_backup_data()
    ~~~~~~~~~~~~~~~~~~~~~~~~~~^^
  File "C:\Users\Reymart De Lara\Desktop\WinMacOS\src\ui\backup_manage.py", line 170, in fetch_all_backup_data
    self.fetch_backup_data("journal")
    ~~~~~~~~~~~~~~~~~~~~~~^^^^^^^^^^^
  File "C:\Users\Reymart De Lara\Desktop\WinMacOS\src\ui\backup_manage.py", line 182, in fetch_backup_data
    job_name = self._job_name_for(backup_type)
  File "C:\Users\Reymart De Lara\Desktop\WinMacOS\src\ui\backup_manage.py", line 117, in _job_name_for
    val = config.get(key)
                     ^^^
UnboundLocalError: cannot access local variable 'key' where it is not associated with a value

--- UNHANDLED EXCEPTION ---
Traceback (most recent call last):
  File "C:\Users\Reymart De Lara\Desktop\WinMacOS\src\ui\backup_manage.py", line 51, in <lambda>
    button.clicked.connect(lambda checked, name=server_name: self.select_server(name))
                                                             ~~~~~~~~~~~~~~~~~~^^^^^^
  File "C:\Users\Reymart De Lara\Desktop\WinMacOS\src\ui\backup_manage.py", line 105, in select_server
    self.fetch_all_backup_data()
    ~~~~~~~~~~~~~~~~~~~~~~~~~~^^
  File "C:\Users\Reymart De Lara\Desktop\WinMacOS\src\ui\backup_manage.py", line 170, in fetch_all_backup_data
    self.fetch_backup_data("journal")
    ~~~~~~~~~~~~~~~~~~~~~~^^^^^^^^^^^
  File "C:\Users\Reymart De Lara\Desktop\WinMacOS\src\ui\backup_manage.py", line 182, in fetch_backup_data
    job_name = self._job_name_for(backup_type)
  File "C:\Users\Reymart De Lara\Desktop\WinMacOS\src\ui\backup_manage.py", line 117, in _job_name_for
    val = config.get(key)
                     ^^^
UnboundLocalError: cannot access local variable 'key' where it is not associated with a value

--- UNHANDLED EXCEPTION ---
Traceback (most recent call last):
  File "C:\Users\Reymart De Lara\Desktop\WinMacOS\src\ui\backup_manage.py", line 51, in <lambda>
    button.clicked.connect(lambda checked, name=server_name: self.select_server(name))
                                                             ~~~~~~~~~~~~~~~~~~^^^^^^
  File "C:\Users\Reymart De Lara\Desktop\WinMacOS\src\ui\backup_manage.py", line 105, in select_server
    self.fetch_all_backup_data()
    ~~~~~~~~~~~~~~~~~~~~~~~~~~^^
  File "C:\Users\Reymart De Lara\Desktop\WinMacOS\src\ui\backup_manage.py", line 170, in fetch_all_backup_data
    self.fetch_backup_data("journal")
    ~~~~~~~~~~~~~~~~~~~~~~^^^^^^^^^^^
  File "C:\Users\Reymart De Lara\Desktop\WinMacOS\src\ui\backup_manage.py", line 182, in fetch_backup_data
    job_name = self._job_name_for(backup_type)
  File "C:\Users\Reymart De Lara\Desktop\WinMacOS\src\ui\backup_manage.py", line 117, in _job_name_for
    val = config.get(key)
                     ^^^
UnboundLocalError: cannot access local variable 'key' where it is not associated with a value

--- UNHANDLED EXCEPTION ---
Traceback (most recent call last):
  File "C:\Users\Reymart De Lara\Desktop\WinMacOS\src\ui\backup_manage.py", line 51, in <lambda>
    button.clicked.connect(lambda checked, name=server_name: self.select_server(name))
                                                             ~~~~~~~~~~~~~~~~~~^^^^^^
  File "C:\Users\Reymart De Lara\Desktop\WinMacOS\src\ui\backup_manage.py", line 105, in select_server
    self.fetch_all_backup_data()
    ~~~~~~~~~~~~~~~~~~~~~~~~~~^^
  File "C:\Users\Reymart De Lara\Desktop\WinMacOS\src\ui\backup_manage.py", line 170, in fetch_all_backup_data
    self.fetch_backup_data("journal")
    ~~~~~~~~~~~~~~~~~~~~~~^^^^^^^^^^^
  File "C:\Users\Reymart De Lara\Desktop\WinMacOS\src\ui\backup_manage.py", line 182, in fetch_backup_data
    job_name = self._job_name_for(backup_type)
  File "C:\Users\Reymart De Lara\Desktop\WinMacOS\src\ui\backup_manage.py", line 117, in _job_name_for
    val = config.get(key)
                     ^^^
UnboundLocalError: cannot access local variable 'key' where it is not associated with a value

--- UNHANDLED EXCEPTION ---
Traceback (most recent call last):
  File "C:\Users\Reymart De Lara\Desktop\WinMacOS\src\ui\backup_manage.py", line 51, in <lambda>
    button.clicked.connect(lambda checked, name=server_name: self.select_server(name))
                                                             ~~~~~~~~~~~~~~~~~~^^^^^^
  File "C:\Users\Reymart De Lara\Desktop\WinMacOS\src\ui\backup_manage.py", line 105, in select_server
    self.fetch_all_backup_data()
    ~~~~~~~~~~~~~~~~~~~~~~~~~~^^
  File "C:\Users\Reymart De Lara\Desktop\WinMacOS\src\ui\backup_manage.py", line 170, in fetch_all_backup_data
    self.fetch_backup_data("journal")
    ~~~~~~~~~~~~~~~~~~~~~~^^^^^^^^^^^
  File "C:\Users\Reymart De Lara\Desktop\WinMacOS\src\ui\backup_manage.py", line 182, in fetch_backup_data
    job_name = self._job_name_for(backup_type)
  File "C:\Users\Reymart De Lara\Desktop\WinMacOS\src\ui\backup_manage.py", line 117, in _job_name_for
    val = config.get(key)
                     ^^^
UnboundLocalError: cannot access local variable 'key' where it is not associated with a value

--- UNHANDLED EXCEPTION ---
Traceback (most recent call last):
  File "C:\Users\Reymart De Lara\Desktop\WinMacOS\src\ui\backup_manage.py", line 51, in <lambda>
    button.clicked.connect(lambda checked, name=server_name: self.select_server(name))
                                                             ~~~~~~~~~~~~~~~~~~^^^^^^
  File "C:\Users\Reymart De Lara\Desktop\WinMacOS\src\ui\backup_manage.py", line 105, in select_server
    self.fetch_all_backup_data()
    ~~~~~~~~~~~~~~~~~~~~~~~~~~^^
  File "C:\Users\Reymart De Lara\Desktop\WinMacOS\src\ui\backup_manage.py", line 170, in fetch_all_backup_data
    self.fetch_backup_data("journal")
    ~~~~~~~~~~~~~~~~~~~~~~^^^^^^^^^^^
  File "C:\Users\Reymart De Lara\Desktop\WinMacOS\src\ui\backup_manage.py", line 182, in fetch_backup_data
    job_name = self._job_name_for(backup_type)
  File "C:\Users\Reymart De Lara\Desktop\WinMacOS\src\ui\backup_manage.py", line 117, in _job_name_for
    val = config.get(key)
                     ^^^
UnboundLocalError: cannot access local variable 'key' where it is not associated with a value

--- UNHANDLED EXCEPTION ---
Traceback (most recent call last):
  File "C:\Users\Reymart De Lara\Desktop\WinMacOS\src\ui\backup_manage.py", line 51, in <lambda>
    button.clicked.connect(lambda checked, name=server_name: self.select_server(name))
                                                             ~~~~~~~~~~~~~~~~~~^^^^^^
  File "C:\Users\Reymart De Lara\Desktop\WinMacOS\src\ui\backup_manage.py", line 105, in select_server
    self.fetch_all_backup_data()
    ~~~~~~~~~~~~~~~~~~~~~~~~~~^^
  File "C:\Users\Reymart De Lara\Desktop\WinMacOS\src\ui\backup_manage.py", line 170, in fetch_all_backup_data
    self.fetch_backup_data("journal")
    ~~~~~~~~~~~~~~~~~~~~~~^^^^^^^^^^^
  File "C:\Users\Reymart De Lara\Desktop\WinMacOS\src\ui\backup_manage.py", line 182, in fetch_backup_data
    job_name = self._job_name_for(backup_type)
  File "C:\Users\Reymart De Lara\Desktop\WinMacOS\src\ui\backup_manage.py", line 117, in _job_name_for
    val = config.get(key)
                     ^^^
UnboundLocalError: cannot access local variable 'key' where it is not associated with a value

--- UNHANDLED EXCEPTION ---
Traceback (most recent call last):
  File "C:\Users\Reymart De Lara\Desktop\WinMacOS\src\ui\backup_manage.py", line 51, in <lambda>
    button.clicked.connect(lambda checked, name=server_name: self.select_server(name))
                                                             ~~~~~~~~~~~~~~~~~~^^^^^^
  File "C:\Users\Reymart De Lara\Desktop\WinMacOS\src\ui\backup_manage.py", line 105, in select_server
    self.fetch_all_backup_data()
    ~~~~~~~~~~~~~~~~~~~~~~~~~~^^
  File "C:\Users\Reymart De Lara\Desktop\WinMacOS\src\ui\backup_manage.py", line 170, in fetch_all_backup_data
    self.fetch_backup_data("journal")
    ~~~~~~~~~~~~~~~~~~~~~~^^^^^^^^^^^
  File "C:\Users\Reymart De Lara\Desktop\WinMacOS\src\ui\backup_manage.py", line 182, in fetch_backup_data
    job_name = self._job_name_for(backup_type)
  File "C:\Users\Reymart De Lara\Desktop\WinMacOS\src\ui\backup_manage.py", line 117, in _job_name_for
    val = config.get(key)
                     ^^^
UnboundLocalError: cannot access local variable 'key' where it is not associated with a value

--- UNHANDLED EXCEPTION ---
Traceback (most recent call last):
  File "C:\Users\Reymart De Lara\Desktop\WinMacOS\src\ui\main_window.py", line 2033, in _handle_credential_check_results
    self.backup_management_widget.start_hourly_refresh()
    ~~~~~~~~~~~~~~~~~~~~~~~~~~~~~~~~~~~~~~~~~~~~~~~~~~^^
  File "C:\Users\Reymart De Lara\Desktop\WinMacOS\src\ui\backup_manage.py", line 267, in start_hourly_refresh
    self.fetch_all_backup_data()
    ~~~~~~~~~~~~~~~~~~~~~~~~~~^^
  File "C:\Users\Reymart De Lara\Desktop\WinMacOS\src\ui\backup_manage.py", line 181, in fetch_all_backup_data
    self.fetch_backup_data("daily")
    ~~~~~~~~~~~~~~~~~~~~~~^^^^^^^^^
  File "C:\Users\Reymart De Lara\Desktop\WinMacOS\src\ui\backup_manage.py", line 199, in fetch_backup_data
    thread.data_ready.connect(
    ^^^^^^^^^^^^^^^^^
AttributeError: 'DailyBackupFetchThread' object has no attribute 'data_ready'

--- UNHANDLED EXCEPTION ---
Traceback (most recent call last):
  File "C:\Users\Reymart De Lara\Desktop\WinMacOS\src\ui\main_window.py", line 1271, in <lambda>
    btn.clicked.connect(lambda checked, page_key=key: self.set_current_page(page_key))
                                                      ~~~~~~~~~~~~~~~~~~~~~^^^^^^^^^^
  File "C:\Users\Reymart De Lara\Desktop\WinMacOS\src\ui\main_window.py", line 1369, in set_current_page
    self.backup_management_widget.start_hourly_refresh()
    ~~~~~~~~~~~~~~~~~~~~~~~~~~~~~~~~~~~~~~~~~~~~~~~~~~^^
  File "C:\Users\Reymart De Lara\Desktop\WinMacOS\src\ui\backup_manage.py", line 267, in start_hourly_refresh
    self.fetch_all_backup_data()
    ~~~~~~~~~~~~~~~~~~~~~~~~~~^^
  File "C:\Users\Reymart De Lara\Desktop\WinMacOS\src\ui\backup_manage.py", line 181, in fetch_all_backup_data
    self.fetch_backup_data("daily")
    ~~~~~~~~~~~~~~~~~~~~~~^^^^^^^^^
  File "C:\Users\Reymart De Lara\Desktop\WinMacOS\src\ui\backup_manage.py", line 199, in fetch_backup_data
    thread.data_ready.connect(
    ^^^^^^^^^^^^^^^^^
AttributeError: 'DailyBackupFetchThread' object has no attribute 'data_ready'

--- UNHANDLED EXCEPTION ---
Traceback (most recent call last):
  File "C:\Users\Reymart De Lara\Desktop\WinMacOS\src\ui\backup_manage.py", line 51, in <lambda>
    button.clicked.connect(lambda checked, name=server_name: self.select_server(name))
                                                             ~~~~~~~~~~~~~~~~~~^^^^^^
  File "C:\Users\Reymart De Lara\Desktop\WinMacOS\src\ui\backup_manage.py", line 105, in select_server
    self.fetch_all_backup_data()
    ~~~~~~~~~~~~~~~~~~~~~~~~~~^^
  File "C:\Users\Reymart De Lara\Desktop\WinMacOS\src\ui\backup_manage.py", line 181, in fetch_all_backup_data
    self.fetch_backup_data("daily")
    ~~~~~~~~~~~~~~~~~~~~~~^^^^^^^^^
  File "C:\Users\Reymart De Lara\Desktop\WinMacOS\src\ui\backup_manage.py", line 199, in fetch_backup_data
    thread.data_ready.connect(
    ^^^^^^^^^^^^^^^^^
AttributeError: 'DailyBackupFetchThread' object has no attribute 'data_ready'

--- UNHANDLED EXCEPTION ---
Traceback (most recent call last):
  File "C:\Users\Reymart De Lara\Desktop\WinMacOS\src\ui\backup_manage.py", line 51, in <lambda>
    button.clicked.connect(lambda checked, name=server_name: self.select_server(name))
                                                             ~~~~~~~~~~~~~~~~~~^^^^^^
  File "C:\Users\Reymart De Lara\Desktop\WinMacOS\src\ui\backup_manage.py", line 105, in select_server
    self.fetch_all_backup_data()
    ~~~~~~~~~~~~~~~~~~~~~~~~~~^^
  File "C:\Users\Reymart De Lara\Desktop\WinMacOS\src\ui\backup_manage.py", line 181, in fetch_all_backup_data
    self.fetch_backup_data("daily")
    ~~~~~~~~~~~~~~~~~~~~~~^^^^^^^^^
  File "C:\Users\Reymart De Lara\Desktop\WinMacOS\src\ui\backup_manage.py", line 199, in fetch_backup_data
    thread.data_ready.connect(
    ^^^^^^^^^^^^^^^^^
AttributeError: 'DailyBackupFetchThread' object has no attribute 'data_ready'

--- UNHANDLED EXCEPTION ---
Traceback (most recent call last):
  File "C:\Users\Reymart De Lara\Desktop\WinMacOS\src\ui\backup_manage.py", line 51, in <lambda>
    button.clicked.connect(lambda checked, name=server_name: self.select_server(name))
                                                             ~~~~~~~~~~~~~~~~~~^^^^^^
  File "C:\Users\Reymart De Lara\Desktop\WinMacOS\src\ui\backup_manage.py", line 105, in select_server
    self.fetch_all_backup_data()
    ~~~~~~~~~~~~~~~~~~~~~~~~~~^^
  File "C:\Users\Reymart De Lara\Desktop\WinMacOS\src\ui\backup_manage.py", line 181, in fetch_all_backup_data
    self.fetch_backup_data("daily")
    ~~~~~~~~~~~~~~~~~~~~~~^^^^^^^^^
  File "C:\Users\Reymart De Lara\Desktop\WinMacOS\src\ui\backup_manage.py", line 199, in fetch_backup_data
    thread.data_ready.connect(
    ^^^^^^^^^^^^^^^^^
AttributeError: 'DailyBackupFetchThread' object has no attribute 'data_ready'

--- UNHANDLED EXCEPTION ---
Traceback (most recent call last):
  File "C:\Users\Reymart De Lara\Desktop\WinMacOS\src\ui\backup_manage.py", line 51, in <lambda>
    button.clicked.connect(lambda checked, name=server_name: self.select_server(name))
                                                             ~~~~~~~~~~~~~~~~~~^^^^^^
  File "C:\Users\Reymart De Lara\Desktop\WinMacOS\src\ui\backup_manage.py", line 105, in select_server
    self.fetch_all_backup_data()
    ~~~~~~~~~~~~~~~~~~~~~~~~~~^^
  File "C:\Users\Reymart De Lara\Desktop\WinMacOS\src\ui\backup_manage.py", line 181, in fetch_all_backup_data
    self.fetch_backup_data("daily")
    ~~~~~~~~~~~~~~~~~~~~~~^^^^^^^^^
  File "C:\Users\Reymart De Lara\Desktop\WinMacOS\src\ui\backup_manage.py", line 199, in fetch_backup_data
    thread.data_ready.connect(
    ^^^^^^^^^^^^^^^^^
AttributeError: 'DailyBackupFetchThread' object has no attribute 'data_ready'

--- UNHANDLED EXCEPTION ---
Traceback (most recent call last):
  File "C:\Users\Reymart De Lara\Desktop\WinMacOS\src\ui\backup_manage.py", line 51, in <lambda>
    button.clicked.connect(lambda checked, name=server_name: self.select_server(name))
                                                             ~~~~~~~~~~~~~~~~~~^^^^^^
  File "C:\Users\Reymart De Lara\Desktop\WinMacOS\src\ui\backup_manage.py", line 105, in select_server
    self.fetch_all_backup_data()
    ~~~~~~~~~~~~~~~~~~~~~~~~~~^^
  File "C:\Users\Reymart De Lara\Desktop\WinMacOS\src\ui\backup_manage.py", line 181, in fetch_all_backup_data
    self.fetch_backup_data("daily")
    ~~~~~~~~~~~~~~~~~~~~~~^^^^^^^^^
  File "C:\Users\Reymart De Lara\Desktop\WinMacOS\src\ui\backup_manage.py", line 199, in fetch_backup_data
    thread.data_ready.connect(
    ^^^^^^^^^^^^^^^^^
AttributeError: 'DailyBackupFetchThread' object has no attribute 'data_ready'

--- UNHANDLED EXCEPTION ---
Traceback (most recent call last):
  File "C:\Users\Reymart De Lara\Desktop\WinMacOS\src\ui\backup_manage.py", line 51, in <lambda>
    button.clicked.connect(lambda checked, name=server_name: self.select_server(name))
                                                             ~~~~~~~~~~~~~~~~~~^^^^^^
  File "C:\Users\Reymart De Lara\Desktop\WinMacOS\src\ui\backup_manage.py", line 105, in select_server
    self.fetch_all_backup_data()
    ~~~~~~~~~~~~~~~~~~~~~~~~~~^^
  File "C:\Users\Reymart De Lara\Desktop\WinMacOS\src\ui\backup_manage.py", line 181, in fetch_all_backup_data
    self.fetch_backup_data("daily")
    ~~~~~~~~~~~~~~~~~~~~~~^^^^^^^^^
  File "C:\Users\Reymart De Lara\Desktop\WinMacOS\src\ui\backup_manage.py", line 199, in fetch_backup_data
    thread.data_ready.connect(
    ^^^^^^^^^^^^^^^^^
AttributeError: 'DailyBackupFetchThread' object has no attribute 'data_ready'

--- UNHANDLED EXCEPTION ---
Traceback (most recent call last):
  File "C:\Users\Reymart De Lara\Desktop\WinMacOS\src\ui\backup_manage.py", line 51, in <lambda>
    button.clicked.connect(lambda checked, name=server_name: self.select_server(name))
                                                             ~~~~~~~~~~~~~~~~~~^^^^^^
  File "C:\Users\Reymart De Lara\Desktop\WinMacOS\src\ui\backup_manage.py", line 105, in select_server
    self.fetch_all_backup_data()
    ~~~~~~~~~~~~~~~~~~~~~~~~~~^^
  File "C:\Users\Reymart De Lara\Desktop\WinMacOS\src\ui\backup_manage.py", line 181, in fetch_all_backup_data
    self.fetch_backup_data("daily")
    ~~~~~~~~~~~~~~~~~~~~~~^^^^^^^^^
  File "C:\Users\Reymart De Lara\Desktop\WinMacOS\src\ui\backup_manage.py", line 199, in fetch_backup_data
    thread.data_ready.connect(
    ^^^^^^^^^^^^^^^^^
AttributeError: 'DailyBackupFetchThread' object has no attribute 'data_ready'

--- UNHANDLED EXCEPTION ---
Traceback (most recent call last):
  File "C:\Users\Reymart De Lara\Desktop\WinMacOS\src\ui\backup_manage.py", line 51, in <lambda>
    button.clicked.connect(lambda checked, name=server_name: self.select_server(name))
                                                             ~~~~~~~~~~~~~~~~~~^^^^^^
  File "C:\Users\Reymart De Lara\Desktop\WinMacOS\src\ui\backup_manage.py", line 105, in select_server
    self.fetch_all_backup_data()
    ~~~~~~~~~~~~~~~~~~~~~~~~~~^^
  File "C:\Users\Reymart De Lara\Desktop\WinMacOS\src\ui\backup_manage.py", line 181, in fetch_all_backup_data
    self.fetch_backup_data("daily")
    ~~~~~~~~~~~~~~~~~~~~~~^^^^^^^^^
  File "C:\Users\Reymart De Lara\Desktop\WinMacOS\src\ui\backup_manage.py", line 199, in fetch_backup_data
    thread.data_ready.connect(
    ^^^^^^^^^^^^^^^^^
AttributeError: 'DailyBackupFetchThread' object has no attribute 'data_ready'

--- UNHANDLED EXCEPTION ---
Traceback (most recent call last):
  File "C:\Users\Reymart De Lara\Desktop\WinMacOS\src\ui\backup_manage.py", line 51, in <lambda>
    button.clicked.connect(lambda checked, name=server_name: self.select_server(name))
                                                             ~~~~~~~~~~~~~~~~~~^^^^^^
  File "C:\Users\Reymart De Lara\Desktop\WinMacOS\src\ui\backup_manage.py", line 105, in select_server
    self.fetch_all_backup_data()
    ~~~~~~~~~~~~~~~~~~~~~~~~~~^^
  File "C:\Users\Reymart De Lara\Desktop\WinMacOS\src\ui\backup_manage.py", line 181, in fetch_all_backup_data
    self.fetch_backup_data("daily")
    ~~~~~~~~~~~~~~~~~~~~~~^^^^^^^^^
  File "C:\Users\Reymart De Lara\Desktop\WinMacOS\src\ui\backup_manage.py", line 199, in fetch_backup_data
    thread.data_ready.connect(
    ^^^^^^^^^^^^^^^^^
AttributeError: 'DailyBackupFetchThread' object has no attribute 'data_ready'

--- UNHANDLED EXCEPTION ---
Traceback (most recent call last):
  File "C:\Users\Reymart De Lara\Desktop\WinMacOS\src\ui\backup_manage.py", line 51, in <lambda>
    button.clicked.connect(lambda checked, name=server_name: self.select_server(name))
                                                             ~~~~~~~~~~~~~~~~~~^^^^^^
  File "C:\Users\Reymart De Lara\Desktop\WinMacOS\src\ui\backup_manage.py", line 105, in select_server
    self.fetch_all_backup_data()
    ~~~~~~~~~~~~~~~~~~~~~~~~~~^^
  File "C:\Users\Reymart De Lara\Desktop\WinMacOS\src\ui\backup_manage.py", line 181, in fetch_all_backup_data
    self.fetch_backup_data("daily")
    ~~~~~~~~~~~~~~~~~~~~~~^^^^^^^^^
  File "C:\Users\Reymart De Lara\Desktop\WinMacOS\src\ui\backup_manage.py", line 199, in fetch_backup_data
    thread.data_ready.connect(
    ^^^^^^^^^^^^^^^^^
AttributeError: 'DailyBackupFetchThread' object has no attribute 'data_ready'

--- UNHANDLED EXCEPTION ---
Traceback (most recent call last):
  File "C:\Users\Reymart De Lara\Desktop\WinMacOS\src\ui\backup_manage.py", line 51, in <lambda>
    button.clicked.connect(lambda checked, name=server_name: self.select_server(name))
                                                             ~~~~~~~~~~~~~~~~~~^^^^^^
  File "C:\Users\Reymart De Lara\Desktop\WinMacOS\src\ui\backup_manage.py", line 105, in select_server
    self.fetch_all_backup_data()
    ~~~~~~~~~~~~~~~~~~~~~~~~~~^^
  File "C:\Users\Reymart De Lara\Desktop\WinMacOS\src\ui\backup_manage.py", line 181, in fetch_all_backup_data
    self.fetch_backup_data("daily")
    ~~~~~~~~~~~~~~~~~~~~~~^^^^^^^^^
  File "C:\Users\Reymart De Lara\Desktop\WinMacOS\src\ui\backup_manage.py", line 199, in fetch_backup_data
    thread.data_ready.connect(
    ^^^^^^^^^^^^^^^^^
AttributeError: 'DailyBackupFetchThread' object has no attribute 'data_ready'

--- UNHANDLED EXCEPTION ---
Traceback (most recent call last):
  File "C:\Users\Reymart De Lara\Desktop\WinMacOS\src\ui\backup_manage.py", line 51, in <lambda>
    button.clicked.connect(lambda checked, name=server_name: self.select_server(name))
                                                             ~~~~~~~~~~~~~~~~~~^^^^^^
  File "C:\Users\Reymart De Lara\Desktop\WinMacOS\src\ui\backup_manage.py", line 105, in select_server
    self.fetch_all_backup_data()
    ~~~~~~~~~~~~~~~~~~~~~~~~~~^^
  File "C:\Users\Reymart De Lara\Desktop\WinMacOS\src\ui\backup_manage.py", line 181, in fetch_all_backup_data
    self.fetch_backup_data("daily")
    ~~~~~~~~~~~~~~~~~~~~~~^^^^^^^^^
  File "C:\Users\Reymart De Lara\Desktop\WinMacOS\src\ui\backup_manage.py", line 199, in fetch_backup_data
    thread.data_ready.connect(
    ^^^^^^^^^^^^^^^^^
AttributeError: 'DailyBackupFetchThread' object has no attribute 'data_ready'

--- UNHANDLED EXCEPTION ---
Traceback (most recent call last):
  File "C:\Users\Reymart De Lara\Desktop\WinMacOS\src\ui\backup_manage.py", line 51, in <lambda>
    button.clicked.connect(lambda checked, name=server_name: self.select_server(name))
                                                             ~~~~~~~~~~~~~~~~~~^^^^^^
  File "C:\Users\Reymart De Lara\Desktop\WinMacOS\src\ui\backup_manage.py", line 105, in select_server
    self.fetch_all_backup_data()
    ~~~~~~~~~~~~~~~~~~~~~~~~~~^^
  File "C:\Users\Reymart De Lara\Desktop\WinMacOS\src\ui\backup_manage.py", line 181, in fetch_all_backup_data
    self.fetch_backup_data("daily")
    ~~~~~~~~~~~~~~~~~~~~~~^^^^^^^^^
  File "C:\Users\Reymart De Lara\Desktop\WinMacOS\src\ui\backup_manage.py", line 199, in fetch_backup_data
    thread.data_ready.connect(
    ^^^^^^^^^^^^^^^^^
AttributeError: 'DailyBackupFetchThread' object has no attribute 'data_ready'

--- UNHANDLED EXCEPTION ---
Traceback (most recent call last):
  File "C:\Users\Reymart De Lara\Desktop\WinMacOS\src\ui\backup_manage.py", line 51, in <lambda>
    button.clicked.connect(lambda checked, name=server_name: self.select_server(name))
                                                             ~~~~~~~~~~~~~~~~~~^^^^^^
  File "C:\Users\Reymart De Lara\Desktop\WinMacOS\src\ui\backup_manage.py", line 105, in select_server
    self.fetch_all_backup_data()
    ~~~~~~~~~~~~~~~~~~~~~~~~~~^^
  File "C:\Users\Reymart De Lara\Desktop\WinMacOS\src\ui\backup_manage.py", line 181, in fetch_all_backup_data
    self.fetch_backup_data("daily")
    ~~~~~~~~~~~~~~~~~~~~~~^^^^^^^^^
  File "C:\Users\Reymart De Lara\Desktop\WinMacOS\src\ui\backup_manage.py", line 199, in fetch_backup_data
    thread.data_ready.connect(
    ^^^^^^^^^^^^^^^^^
AttributeError: 'DailyBackupFetchThread' object has no attribute 'data_ready'

--- UNHANDLED EXCEPTION ---
Traceback (most recent call last):
  File "C:\Users\Reymart De Lara\Desktop\WinMacOS\src\ui\backup_manage.py", line 51, in <lambda>
    button.clicked.connect(lambda checked, name=server_name: self.select_server(name))
                                                             ~~~~~~~~~~~~~~~~~~^^^^^^
  File "C:\Users\Reymart De Lara\Desktop\WinMacOS\src\ui\backup_manage.py", line 105, in select_server
    self.fetch_all_backup_data()
    ~~~~~~~~~~~~~~~~~~~~~~~~~~^^
  File "C:\Users\Reymart De Lara\Desktop\WinMacOS\src\ui\backup_manage.py", line 181, in fetch_all_backup_data
    self.fetch_backup_data("daily")
    ~~~~~~~~~~~~~~~~~~~~~~^^^^^^^^^
  File "C:\Users\Reymart De Lara\Desktop\WinMacOS\src\ui\backup_manage.py", line 199, in fetch_backup_data
    thread.data_ready.connect(
    ^^^^^^^^^^^^^^^^^
AttributeError: 'DailyBackupFetchThread' object has no attribute 'data_ready'

--- UNHANDLED EXCEPTION ---
Traceback (most recent call last):
  File "C:\Users\Reymart De Lara\Desktop\WinMacOS\src\ui\backup_manage.py", line 51, in <lambda>
    button.clicked.connect(lambda checked, name=server_name: self.select_server(name))
                                                             ~~~~~~~~~~~~~~~~~~^^^^^^
  File "C:\Users\Reymart De Lara\Desktop\WinMacOS\src\ui\backup_manage.py", line 105, in select_server
    self.fetch_all_backup_data()
    ~~~~~~~~~~~~~~~~~~~~~~~~~~^^
  File "C:\Users\Reymart De Lara\Desktop\WinMacOS\src\ui\backup_manage.py", line 181, in fetch_all_backup_data
    self.fetch_backup_data("daily")
    ~~~~~~~~~~~~~~~~~~~~~~^^^^^^^^^
  File "C:\Users\Reymart De Lara\Desktop\WinMacOS\src\ui\backup_manage.py", line 199, in fetch_backup_data
    thread.data_ready.connect(
    ^^^^^^^^^^^^^^^^^
AttributeError: 'DailyBackupFetchThread' object has no attribute 'data_ready'

--- UNHANDLED EXCEPTION ---
Traceback (most recent call last):
  File "C:\Users\Reymart De Lara\Desktop\WinMacOS\src\ui\backup_manage.py", line 51, in <lambda>
    button.clicked.connect(lambda checked, name=server_name: self.select_server(name))
                                                             ~~~~~~~~~~~~~~~~~~^^^^^^
  File "C:\Users\Reymart De Lara\Desktop\WinMacOS\src\ui\backup_manage.py", line 105, in select_server
    self.fetch_all_backup_data()
    ~~~~~~~~~~~~~~~~~~~~~~~~~~^^
  File "C:\Users\Reymart De Lara\Desktop\WinMacOS\src\ui\backup_manage.py", line 181, in fetch_all_backup_data
    self.fetch_backup_data("daily")
    ~~~~~~~~~~~~~~~~~~~~~~^^^^^^^^^
  File "C:\Users\Reymart De Lara\Desktop\WinMacOS\src\ui\backup_manage.py", line 199, in fetch_backup_data
    thread.data_ready.connect(
    ^^^^^^^^^^^^^^^^^
AttributeError: 'DailyBackupFetchThread' object has no attribute 'data_ready'

--- UNHANDLED EXCEPTION ---
Traceback (most recent call last):
  File "C:\Users\Reymart De Lara\Desktop\WinMacOS\src\ui\backup_manage.py", line 51, in <lambda>
    button.clicked.connect(lambda checked, name=server_name: self.select_server(name))
                                                             ~~~~~~~~~~~~~~~~~~^^^^^^
  File "C:\Users\Reymart De Lara\Desktop\WinMacOS\src\ui\backup_manage.py", line 105, in select_server
    self.fetch_all_backup_data()
    ~~~~~~~~~~~~~~~~~~~~~~~~~~^^
  File "C:\Users\Reymart De Lara\Desktop\WinMacOS\src\ui\backup_manage.py", line 181, in fetch_all_backup_data
    self.fetch_backup_data("daily")
    ~~~~~~~~~~~~~~~~~~~~~~^^^^^^^^^
  File "C:\Users\Reymart De Lara\Desktop\WinMacOS\src\ui\backup_manage.py", line 199, in fetch_backup_data
    thread.data_ready.connect(
    ^^^^^^^^^^^^^^^^^
AttributeError: 'DailyBackupFetchThread' object has no attribute 'data_ready'

--- UNHANDLED EXCEPTION ---
Traceback (most recent call last):
  File "C:\Users\Reymart De Lara\Desktop\WinMacOS\src\ui\backup_manage.py", line 51, in <lambda>
    button.clicked.connect(lambda checked, name=server_name: self.select_server(name))
                                                             ~~~~~~~~~~~~~~~~~~^^^^^^
  File "C:\Users\Reymart De Lara\Desktop\WinMacOS\src\ui\backup_manage.py", line 105, in select_server
    self.fetch_all_backup_data()
    ~~~~~~~~~~~~~~~~~~~~~~~~~~^^
  File "C:\Users\Reymart De Lara\Desktop\WinMacOS\src\ui\backup_manage.py", line 181, in fetch_all_backup_data
    self.fetch_backup_data("daily")
    ~~~~~~~~~~~~~~~~~~~~~~^^^^^^^^^
  File "C:\Users\Reymart De Lara\Desktop\WinMacOS\src\ui\backup_manage.py", line 199, in fetch_backup_data
    thread.data_ready.connect(
    ^^^^^^^^^^^^^^^^^
AttributeError: 'DailyBackupFetchThread' object has no attribute 'data_ready'

--- UNHANDLED EXCEPTION ---
Traceback (most recent call last):
  File "C:\Users\Reymart De Lara\Desktop\WinMacOS\src\ui\backup_manage.py", line 51, in <lambda>
    button.clicked.connect(lambda checked, name=server_name: self.select_server(name))
                                                             ~~~~~~~~~~~~~~~~~~^^^^^^
  File "C:\Users\Reymart De Lara\Desktop\WinMacOS\src\ui\backup_manage.py", line 105, in select_server
    self.fetch_all_backup_data()
    ~~~~~~~~~~~~~~~~~~~~~~~~~~^^
  File "C:\Users\Reymart De Lara\Desktop\WinMacOS\src\ui\backup_manage.py", line 181, in fetch_all_backup_data
    self.fetch_backup_data("daily")
    ~~~~~~~~~~~~~~~~~~~~~~^^^^^^^^^
  File "C:\Users\Reymart De Lara\Desktop\WinMacOS\src\ui\backup_manage.py", line 199, in fetch_backup_data
    thread.data_ready.connect(
    ^^^^^^^^^^^^^^^^^
AttributeError: 'DailyBackupFetchThread' object has no attribute 'data_ready'

--- UNHANDLED EXCEPTION ---
Traceback (most recent call last):
  File "C:\Users\Reymart De Lara\Desktop\WinMacOS\src\ui\backup_manage.py", line 51, in <lambda>
    button.clicked.connect(lambda checked, name=server_name: self.select_server(name))
                                                             ~~~~~~~~~~~~~~~~~~^^^^^^
  File "C:\Users\Reymart De Lara\Desktop\WinMacOS\src\ui\backup_manage.py", line 105, in select_server
    self.fetch_all_backup_data()
    ~~~~~~~~~~~~~~~~~~~~~~~~~~^^
  File "C:\Users\Reymart De Lara\Desktop\WinMacOS\src\ui\backup_manage.py", line 181, in fetch_all_backup_data
    self.fetch_backup_data("daily")
    ~~~~~~~~~~~~~~~~~~~~~~^^^^^^^^^
  File "C:\Users\Reymart De Lara\Desktop\WinMacOS\src\ui\backup_manage.py", line 199, in fetch_backup_data
    thread.data_ready.connect(
    ^^^^^^^^^^^^^^^^^
AttributeError: 'DailyBackupFetchThread' object has no attribute 'data_ready'

--- UNHANDLED EXCEPTION ---
Traceback (most recent call last):
  File "C:\Users\Reymart De Lara\Desktop\WinMacOS\src\ui\backup_manage.py", line 51, in <lambda>
    button.clicked.connect(lambda checked, name=server_name: self.select_server(name))
                                                             ~~~~~~~~~~~~~~~~~~^^^^^^
  File "C:\Users\Reymart De Lara\Desktop\WinMacOS\src\ui\backup_manage.py", line 105, in select_server
    self.fetch_all_backup_data()
    ~~~~~~~~~~~~~~~~~~~~~~~~~~^^
  File "C:\Users\Reymart De Lara\Desktop\WinMacOS\src\ui\backup_manage.py", line 181, in fetch_all_backup_data
    self.fetch_backup_data("daily")
    ~~~~~~~~~~~~~~~~~~~~~~^^^^^^^^^
  File "C:\Users\Reymart De Lara\Desktop\WinMacOS\src\ui\backup_manage.py", line 199, in fetch_backup_data
    thread.data_ready.connect(
    ^^^^^^^^^^^^^^^^^
AttributeError: 'DailyBackupFetchThread' object has no attribute 'data_ready'

--- UNHANDLED EXCEPTION ---
Traceback (most recent call last):
  File "C:\Users\Reymart De Lara\Desktop\WinMacOS\src\ui\backup_manage.py", line 51, in <lambda>
    button.clicked.connect(lambda checked, name=server_name: self.select_server(name))
                                                             ~~~~~~~~~~~~~~~~~~^^^^^^
  File "C:\Users\Reymart De Lara\Desktop\WinMacOS\src\ui\backup_manage.py", line 105, in select_server
    self.fetch_all_backup_data()
    ~~~~~~~~~~~~~~~~~~~~~~~~~~^^
  File "C:\Users\Reymart De Lara\Desktop\WinMacOS\src\ui\backup_manage.py", line 181, in fetch_all_backup_data
    self.fetch_backup_data("daily")
    ~~~~~~~~~~~~~~~~~~~~~~^^^^^^^^^
  File "C:\Users\Reymart De Lara\Desktop\WinMacOS\src\ui\backup_manage.py", line 199, in fetch_backup_data
    thread.data_ready.connect(
    ^^^^^^^^^^^^^^^^^
AttributeError: 'DailyBackupFetchThread' object has no attribute 'data_ready'

--- UNHANDLED EXCEPTION ---
Traceback (most recent call last):
  File "C:\Users\Reymart De Lara\Desktop\WinMacOS\src\ui\main_window.py", line 1271, in <lambda>
    btn.clicked.connect(lambda checked, page_key=key: self.set_current_page(page_key))
                                                      ~~~~~~~~~~~~~~~~~~~~~^^^^^^^^^^
  File "C:\Users\Reymart De Lara\Desktop\WinMacOS\src\ui\main_window.py", line 1369, in set_current_page
    self.backup_management_widget.start_hourly_refresh()
    ~~~~~~~~~~~~~~~~~~~~~~~~~~~~~~~~~~~~~~~~~~~~~~~~~~^^
  File "C:\Users\Reymart De Lara\Desktop\WinMacOS\src\ui\backup_manage.py", line 267, in start_hourly_refresh
    self.fetch_all_backup_data()
    ~~~~~~~~~~~~~~~~~~~~~~~~~~^^
  File "C:\Users\Reymart De Lara\Desktop\WinMacOS\src\ui\backup_manage.py", line 181, in fetch_all_backup_data
    self.fetch_backup_data("daily")
    ~~~~~~~~~~~~~~~~~~~~~~^^^^^^^^^
  File "C:\Users\Reymart De Lara\Desktop\WinMacOS\src\ui\backup_manage.py", line 199, in fetch_backup_data
    thread.data_ready.connect(
    ^^^^^^^^^^^^^^^^^
AttributeError: 'DailyBackupFetchThread' object has no attribute 'data_ready'

--- UNHANDLED EXCEPTION ---
Traceback (most recent call last):
  File "C:\Users\Reymart De Lara\Desktop\WinMacOS\src\ui\backup_manage.py", line 51, in <lambda>
    button.clicked.connect(lambda checked, name=server_name: self.select_server(name))
                                                             ~~~~~~~~~~~~~~~~~~^^^^^^
  File "C:\Users\Reymart De Lara\Desktop\WinMacOS\src\ui\backup_manage.py", line 105, in select_server
    self.fetch_all_backup_data()
    ~~~~~~~~~~~~~~~~~~~~~~~~~~^^
  File "C:\Users\Reymart De Lara\Desktop\WinMacOS\src\ui\backup_manage.py", line 181, in fetch_all_backup_data
    self.fetch_backup_data("daily")
    ~~~~~~~~~~~~~~~~~~~~~~^^^^^^^^^
  File "C:\Users\Reymart De Lara\Desktop\WinMacOS\src\ui\backup_manage.py", line 199, in fetch_backup_data
    thread.data_ready.connect(
    ^^^^^^^^^^^^^^^^^
AttributeError: 'DailyBackupFetchThread' object has no attribute 'data_ready'

--- UNHANDLED EXCEPTION ---
Traceback (most recent call last):
  File "C:\Users\Reymart De Lara\Desktop\WinMacOS\src\ui\backup_manage.py", line 51, in <lambda>
    button.clicked.connect(lambda checked, name=server_name: self.select_server(name))
                                                             ~~~~~~~~~~~~~~~~~~^^^^^^
  File "C:\Users\Reymart De Lara\Desktop\WinMacOS\src\ui\backup_manage.py", line 105, in select_server
    self.fetch_all_backup_data()
    ~~~~~~~~~~~~~~~~~~~~~~~~~~^^
  File "C:\Users\Reymart De Lara\Desktop\WinMacOS\src\ui\backup_manage.py", line 181, in fetch_all_backup_data
    self.fetch_backup_data("daily")
    ~~~~~~~~~~~~~~~~~~~~~~^^^^^^^^^
  File "C:\Users\Reymart De Lara\Desktop\WinMacOS\src\ui\backup_manage.py", line 199, in fetch_backup_data
    thread.data_ready.connect(
    ^^^^^^^^^^^^^^^^^
AttributeError: 'DailyBackupFetchThread' object has no attribute 'data_ready'

--- UNHANDLED EXCEPTION ---
Traceback (most recent call last):
  File "C:\Users\Reymart De Lara\Desktop\WinMacOS\src\ui\backup_manage.py", line 51, in <lambda>
    button.clicked.connect(lambda checked, name=server_name: self.select_server(name))
                                                             ~~~~~~~~~~~~~~~~~~^^^^^^
  File "C:\Users\Reymart De Lara\Desktop\WinMacOS\src\ui\backup_manage.py", line 105, in select_server
    self.fetch_all_backup_data()
    ~~~~~~~~~~~~~~~~~~~~~~~~~~^^
  File "C:\Users\Reymart De Lara\Desktop\WinMacOS\src\ui\backup_manage.py", line 181, in fetch_all_backup_data
    self.fetch_backup_data("daily")
    ~~~~~~~~~~~~~~~~~~~~~~^^^^^^^^^
  File "C:\Users\Reymart De Lara\Desktop\WinMacOS\src\ui\backup_manage.py", line 199, in fetch_backup_data
    thread.data_ready.connect(
    ^^^^^^^^^^^^^^^^^
AttributeError: 'DailyBackupFetchThread' object has no attribute 'data_ready'

--- UNHANDLED EXCEPTION ---
Traceback (most recent call last):
  File "C:\Users\Reymart De Lara\Desktop\WinMacOS\src\ui\backup_manage.py", line 51, in <lambda>
    button.clicked.connect(lambda checked, name=server_name: self.select_server(name))
                                                             ~~~~~~~~~~~~~~~~~~^^^^^^
  File "C:\Users\Reymart De Lara\Desktop\WinMacOS\src\ui\backup_manage.py", line 105, in select_server
    self.fetch_all_backup_data()
    ~~~~~~~~~~~~~~~~~~~~~~~~~~^^
  File "C:\Users\Reymart De Lara\Desktop\WinMacOS\src\ui\backup_manage.py", line 181, in fetch_all_backup_data
    self.fetch_backup_data("daily")
    ~~~~~~~~~~~~~~~~~~~~~~^^^^^^^^^
  File "C:\Users\Reymart De Lara\Desktop\WinMacOS\src\ui\backup_manage.py", line 199, in fetch_backup_data
    thread.data_ready.connect(
    ^^^^^^^^^^^^^^^^^
AttributeError: 'DailyBackupFetchThread' object has no attribute 'data_ready'
